ticker,S,K,moneyness,flag,T,dte,impliedVolatility,bs_price,delta,gamma,vega,bid,ask,volume,openInterest
SPY,450,473.7759497388875,0.949816047538945,call,0.26575342465753427,97,0.16313314107037344,8.185201072605878,0.34010412529251677,0.009683323647486364,0.8501010320239586,8.02149705115376,8.348905094057995,169,847
SPY,450,546.6250221072447,0.8232334448672798,call,0.25205479452054796,92,0.1456458995890057,0.07495851221284067,0.007118052831907331,0.0006010286494784403,0.044680027006195625,0.07345934196858385,0.07645768245709748,919,6156
SPY,450,556.7695897775736,0.808233797718321,put,0.01643835616438356,6,0.1632913838838704,106.31215894768445,-1.0,2.45281226816867e-24,1.3332481596083988e-23,104.18591576873077,108.43840212663814,200,1013
SPY,450,488.2299174218181,0.9216968971838151,call,0.07123287671232877,26,0.1558835318735983,0.22997559414732294,0.031909198560083084,0.0038247146769838955,0.08600125533789883,0.22537608226437647,0.2345751060302694,565,1721
SPY,450,430.7286992591438,1.0447411578889518,put,0.4767123287671233,174,0.14699247274328728,6.673602232316171,-0.23672793530078085,0.006755889202013603,0.9586476800104938,6.540130187669847,6.807074276962494,222,3610
SPY,450,433.9583697424699,1.036965827544817,call,0.3698630136986301,135,0.14838611990962136,30.576829847221745,0.7428907835815058,0.00794133331285833,0.8825770597826346,29.96529325027731,31.18836644416618,935,934
SPY,450,544.7805777935445,0.8260206371941119,put,0.3726027397260274,136,0.15973158701260767,85.46197543179312,-0.9573289694502869,0.0020696823751274293,0.24943970224031922,83.75273592315726,87.17121494042898,363,513
SPY,450,419.11413386556995,1.0736932106048627,put,0.3150684931506849,115,0.16660928133221586,3.835334607451884,-0.16464952573944924,0.0058904324738292485,0.6261471039715025,3.758627915302846,3.9120412996009217,130,3417
SPY,450,552.991716342999,0.8137554084460874,put,0.2328767123287671,85,0.17483190486198982,96.741087497671,-0.9881694065998352,0.0008125917315526729,0.06699527545769951,94.80626574771757,98.67590924762443,553,1165
SPY,450,438.13524024243844,1.0270801311279967,put,0.410958904109589,150,0.1268017329013394,6.206513567614195,-0.2669270974711163,0.008987240220499751,0.9483637844256032,6.082383296261911,6.330643838966479,597,2513
SPY,450,384.3973799436538,1.1706635463175177,put,0.27123287671232876,99,0.13749815272698612,0.0829356119292255,-0.00764115933464447,0.0006533056130697435,0.0493378943623554,0.08127689969064099,0.08459432416781,775,4418
SPY,450,379.39397570388957,1.1861021229056552,call,0.3506849315068493,128,0.12670871126001673,77.26043214903865,0.9945480327459252,0.00046251040666585476,0.04161693723538511,75.71522350605788,78.80564079201942,151,8102
SPY,450,542.2861106945605,0.8298202574719084,put,0.2054794520547945,75,0.12014455296963376,86.74752469985998,-0.9993349791727915,9.438744481168719e-05,0.004718584553376046,85.01257420586278,88.48247519385718,5,8449
SPY,450,415.611115435026,1.082742937539047,call,0.4575342465753425,167,0.12638778941153117,45.84865886264453,0.8925568510877393,0.004805795427258637,0.5627545719066627,44.931685685391635,46.76563203989742,1475,384
SPY,450,477.00502338627973,0.943386291417709,call,0.1232876712328767,45,0.13462091322361705,1.4903741722264598,0.14031686279507005,0.010480012996772458,0.35222406946610435,1.4605666887819306,1.520181655670989,372,1966
SPY,450,412.14736723850854,1.0918424713352257,put,0.2958904109589041,108,0.1518931547999463,1.813789128982215,-0.0996009124273377,0.004706393118073478,0.4283337755815979,1.7775133464025707,1.8500649115618593,2182,3195
SPY,450,530.7619617083765,0.8478376983753207,call,0.3698630136986301,135,0.16407521568327885,1.518156866650834,0.07794935716461122,0.0032463419417955025,0.3989359534637787,1.4877937293178174,1.5485200039838507,295,206
SPY,450,415.027631905348,1.084265155874315,put,0.25753424657534246,94,0.18455266334366358,3.3398410634597013,-0.14728739071788838,0.005465161461981084,0.5259970772176121,3.2730442421905073,3.4066378847288954,578,1126
SPY,450,388.49856448255355,1.1583054382694078,call,0.15342465753424658,56,0.19300936158229506,64.70674142357831,0.9813808782183361,0.0013392602444945035,0.08030887486665163,63.41260659510674,66.00087625204988,286,2641
SPY,450,408.2667834627177,1.1022204554172195,call,0.1095890410958904,40,0.1662137113283754,44.24622623588317,0.9710138696805288,0.0026706613929186516,0.09850943530764883,43.36130171116551,45.13115076060083,80,1710
SPY,450,520.5390149702799,0.8644885149016018,call,0.1917808219178082,70,0.1267586591258374,0.06239054836852853,0.0077025880964453845,0.0008487218406436598,0.041780460063209096,0.06114273740115796,0.0636383593358991,2051,8139
SPY,450,514.5044383225203,0.8746280235544144,put,0.09315068493150686,34,0.17349432837017462,62.17458643550043,-0.9921402439223284,0.0009057041872674085,0.02964030974361139,60.93109470679042,63.41807816421044,775,8236
SPY,450,388.4546043247046,1.1584365199693973,put,0.3643835616438356,133,0.14928748033597972,0.4884257640098202,-0.03010512422675175,0.0016827558198525179,0.18536523812302583,0.4786572487296238,0.4981942792900166,434,1817
SPY,450,519.7130982121578,0.8658623412571768,call,0.43561643835616437,159,0.12676589568078467,1.2800744212191333,0.0779062057938737,0.0038700863395466556,0.4327652400839224,1.2544729327947506,1.305675909643516,663,5895
SPY,450,495.7230483175287,0.9077649335194086,put,0.4273972602739726,156,0.1509248637583064,41.13862432472763,-0.7626472093326083,0.006959183682873746,0.9090250546970193,40.31585183823308,41.96139681122218,816,2586
SPY,450,544.822618020428,0.8259568988435927,put,0.15342465753424658,56,0.1659129566883291,90.68161842958597,-0.9973790254595865,0.0002769619767782038,0.014276463627074876,88.86798606099424,92.4952507981777,290,3438
SPY,450,488.9437199699576,0.9203513239267078,call,0.32054794520547947,117,0.1522966294072788,5.021472562148205,0.23159701748912526,0.007855966578166956,0.7766188790624305,4.921043110905241,5.121902013391169,326,11944
SPY,450,502.3303909073749,0.895824756266789,call,0.36712328767123287,134,0.16158593266888907,4.330107360933667,0.18748764138709273,0.006108986491595751,0.7338540165822799,4.243505213714993,4.416709508152341,672,21220
SPY,450,501.77175125641384,0.8968221086046002,call,0.19726027397260273,72,0.15035651544766915,0.9614359691993215,0.07358153348774185,0.0046423663096741025,0.27882153745690436,0.9422072498153351,0.9806646885833079,1302,2292
SPY,450,427.38195042720963,1.0529223322374317,call,0.3917808219178082,143,0.1385976207413995,35.275344586279516,0.8061049466057486,0.007038153231054674,0.7738961628758757,34.569837694553925,35.98085147800511,94,9018
SPY,450,484.75080296490785,0.9283120259886943,put,0.20273972602739726,74,0.16901941492552222,33.78950120053037,-0.7899349176623851,0.00841698286800222,0.5840592683293526,33.11371117651976,34.46529122454098,1131,83
SPY,450,447.83372824637286,1.0048372233197125,put,0.4136986301369863,151,0.1588474643146479,12.996654108938003,-0.3817940982806265,0.00829337364297524,1.1036227111612698,12.736721026759243,13.256587191116763,1036,958
SPY,450,418.069873587377,1.0763750952409863,call,0.36164383561643837,132,0.17841569326864262,44.44841245037509,0.8180968575882549,0.005470665795173343,0.7147914195319148,43.55944420136758,45.33738069938259,417,602
SPY,450,384.65567571558506,1.169877447311425,call,0.12602739726027398,46,0.15895746829123863,67.77358499264676,0.9982514034814631,0.0002209771568342489,0.00896433986209021,66.41811329279382,69.1290566924997,259,961
SPY,450,377.24228496906255,1.1928673373317742,put,0.17534246575342466,64,0.15993552217459348,0.023549034894443155,-0.0025729030405426496,0.0002642989425233639,0.015009025490393568,0.02307805419655429,0.02402001559233202,1002,2070
SPY,450,478.8844776377564,0.9396838298450644,put,0.14246575342465753,52,0.16274615496389555,28.355022729036477,-0.8067782572242295,0.00991856137479638,0.46568787288415386,27.78792227445575,28.922123183617206,2274,10905
SPY,450,404.6943762199701,1.1119502183430496,put,0.4273972602739726,156,0.16809872604643245,2.820821866707952,-0.11218189705849207,0.003856167578878117,0.5610183705820344,2.764405429373793,2.8772383040421112,9,534
SPY,450,422.3762916353294,1.0654007076432224,put,0.26575342465753427,97,0.17499678115319925,4.297568166938291,-0.18549089692671228,0.006586113506748186,0.6202448529434035,4.211616803599525,4.383519530277057,175,3978
SPY,450,417.92117351532573,1.0767580790770772,put,0.473972602739726,173,0.12685263224817278,2.4756941025603965,-0.12264924556184059,0.0051688982104474155,0.6293260795837929,2.4261802205091887,2.5252079846116042,1048,9459
SPY,450,423.31221498035273,1.0630451569201373,put,0.10136986301369863,37,0.15233127954998363,0.835578805466092,-0.08236801279362344,0.006963304000246877,0.21774005737908353,0.8188672293567701,0.8522903815754138,98,2292
SPY,450,496.6443687551669,0.9060809470726902,put,0.4438356164383562,162,0.15268432319344685,41.9622617157836,-0.7582129056461947,0.006818955916610273,0.9357492953970081,41.12301648146792,42.801506950099274,2365,2849
SPY,450,478.7074321931139,0.9400313630778703,put,0.27671232876712326,101,0.1595216281578287,28.951758420392764,-0.7019906900953008,0.009179860488147031,0.8205578252998884,28.372723251984908,29.53079358880062,1105,9981
SPY,450,504.44239589432584,0.8920741072966222,put,0.14246575342465753,52,0.13343881521042975,51.00571009425454,-0.9821755604159492,0.0019369160950760212,0.07456387882193727,49.985595892369446,52.02582429613963,634,1639
SPY,450,390.15166714852955,1.1533976089065034,call,0.3506849315068493,128,0.16655234070565633,67.52692075302485,0.9529381883958336,0.002213889548264589,0.261847736043903,66.17638233796436,68.87745916808535,3059,2007
SPY,450,440.69862075653407,1.021105986734196,call,0.27123287671232876,99,0.13401389504167074,21.403473463917805,0.7014101186347207,0.011046730037983142,0.8131130445197924,20.97540399463945,21.83154293319616,312,3320
SPY,450,474.1460053588297,0.9490747468376197,put,0.1589041095890411,58,0.12199469189858982,22.593779428354765,-0.8124872442951332,0.012300028886753809,0.4828444263789505,22.14190383978767,23.04565501692186,2659,365
SPY,450,509.29895746209013,0.8835674870461441,call,0.4904109589041096,179,0.17638793326017105,6.969117546346624,0.22908352839196383,0.0054505149939743655,0.9547542590609817,6.829735195419691,7.108499897273556,1888,734
SPY,450,415.296036408437,1.0835643987640475,call,0.1178082191780822,43,0.15478761513397482,37.6487573110785,0.9503287441564683,0.004291281959563931,0.1584615422775772,36.895782164856925,38.40173245730007,351,2721
SPY,450,498.6244737850665,0.9024827774377833,call,0.4273972602739726,156,0.1548669113046165,5.675663727777746,0.22610242295301047,0.006600987504743894,0.8847576142851924,5.56215045322219,5.789177002333301,988,1080
SPY,450,543.2313354596969,0.8283763667999711,put,0.4054794520547945,148,0.17516134327024913,83.90390735470027,-0.9265498469080499,0.0027756537579281143,0.3992063453022835,82.22582920760625,85.58198550179428,2207,2062
SPY,450,473.5679714950838,0.9502331810559776,call,0.1917808219178082,70,0.19003045997501267,7.580482344036994,0.3239879695755998,0.00959853390313247,0.708367008082038,7.428872697156255,7.732091990917734,626,3911
SPY,450,492.00949204518565,0.9146165008513137,put,0.16986301369863013,62,0.14032616277726295,38.849831987839764,-0.9142547888353743,0.006018291750390081,0.29049304536734416,38.07283534808297,39.62682862759656,30,190
SPY,450,398.56861636032585,1.1290402242638633,put,0.1589041095890411,58,0.11597605436124556,0.014984505811956206,-0.002399632123107823,0.0003594728641499577,0.013415121119942341,0.014684815695717082,0.01528419592819533,1469,1215
SPY,450,428.9161176845242,1.0491561903276,call,0.0273972602739726,10,0.16073254590142205,21.81597400612617,0.9691517244307105,0.005816206412051129,0.051865169035527,21.379654526003645,22.252293486248693,216,2649
SPY,450,416.74195638488266,1.0798048843068775,call,0.4712328767123288,172,0.11308836806065735,44.49836466136804,0.9084654728155934,0.0047071867207919066,0.5079722324230272,43.60839736814068,45.38833195459541,508,2841
SPY,450,409.9790514809294,1.0976170571996462,call,0.25753424657534246,94,0.1581218538693726,46.755574639322845,0.913295223664948,0.004373880599932778,0.36067732290536164,45.82046314653639,47.6906861321093,203,421
SPY,450,463.28431165314663,0.9713257899760431,call,0.39452054794520547,144,0.12728441130996254,12.397605250674815,0.46923509492110865,0.011055887207673332,1.1242514926729152,12.149653145661318,12.645557355688311,584,1370
SPY,450,537.2817950967432,0.8375493160325167,put,0.2547945205479452,93,0.15062025606171775,80.6812103820933,-0.983252683221415,0.001216591731889413,0.09454604227178579,79.06758617445143,82.29483458973516,2727,5084
SPY,450,447.01461158859206,1.0066785029706267,put,0.2,73,0.12376389731096024,6.579193279297897,-0.37122627146734016,0.015175409602954888,0.7606579734795068,6.447609413711938,6.710777144883855,834,863
SPY,450,530.6191673200325,0.848065859122257,put,0.09041095890410959,33,0.19371135229453537,78.2512727616463,-0.9967614384056885,0.00037395715436482107,0.013262427482949283,76.68624730641338,79.81629821687923,96,494
SPY,450,486.71520382318226,0.9245653237565177,call,0.4054794520547945,148,0.15300571761296575,7.64674157249307,0.2917763732502919,0.007829734532315833,0.9836680739878081,7.493806741043208,7.799676403942932,425,3124
SPY,450,424.5645608790168,1.0599094730571053,put,0.038356164383561646,14,0.13404409315634813,0.04329602258462906,-0.01065320750040022,0.0023840458172023123,0.024821183040946444,0.04243010213293647,0.04416194303632164,1008,231
SPY,450,473.76148558739277,0.9498450458505885,call,0.4136986301369863,151,0.17552024797982269,14.300297680357403,0.4144455744668991,0.007671590919978158,1.1280329110950436,14.014291726750255,14.586303633964551,1151,4783
SPY,450,382.14722249186053,1.1775566418243029,call,0.01643835616438356,6,0.15819471010248534,68.16674207145928,0.9999999999999998,2.302040375101371e-16,1.212239153114532e-15,66.80340723003009,69.53007691288848,2018,5058
SPY,450,401.649541509306,1.12037971787296,call,0.39452054794520547,144,0.18713742362719024,59.360040577833786,0.8836876314311923,0.003699334946223767,0.5530685413669942,58.17283976627711,60.547241389390464,1667,8591
SPY,450,428.41806794307826,1.050375868040629,call,0.18904109589041096,69,0.12751060408529136,27.420628560840328,0.8609767069205313,0.008879220736525455,0.4334134751204456,26.87221598962352,27.969041132057136,1054,1157
SPY,450,494.7314122846591,0.9095844509284535,call,0.043835616438356165,16,0.15968853706292024,0.013305346132485685,0.002959844402383972,0.0006007713658196791,0.008515989415758903,0.01303923920983597,0.013571453055135399,1066,2433
SPY,450,419.52351787904587,1.072645467589116,call,0.4547945205479452,166,0.14081505564509833,43.45025227678531,0.8474156986967638,0.005518447007732686,0.7156591342815186,42.5812472312496,44.319257322321015,331,628
SPY,450,417.17079975351885,1.0786948661456601,call,0.21643835616438356,79,0.1607815472154041,39.290738622237825,0.8839171989394536,0.005805062420748418,0.40907444700670276,38.504923849793066,40.076553394682584,3428,3970
SPY,450,464.2102285445799,0.9693883769232474,put,0.4273972602739726,156,0.16300380571916834,21.492756702786124,-0.5151284671910911,0.008313263104732595,1.1728056006485086,21.0629015687304,21.92261183684185,857,6577
SPY,450,528.7425062231075,0.8510758917689862,call,0.273972602739726,100,0.16764353249379638,0.8124383591879578,0.05074274817024445,0.0026427682493857713,0.2457978314797782,0.7961895920041987,0.8286871263717169,272,5694
SPY,450,410.59761413964355,1.0959635041789497,call,0.2821917808219178,103,0.15027450463937486,46.626022335123025,0.9138025526291252,0.004377370527667026,0.3758962579942102,45.69350188842056,47.55854278182549,474,3821
SPY,450,450.61983827930595,0.998624476273231,put,0.2465753424657534,90,0.1382688414339613,9.96117157743305,-0.4231481194958577,0.012671814227546464,0.874858455868242,9.761948145884388,10.16039500898171,10,11789
SPY,450,537.9463334643759,0.8365146707144535,put,0.08767123287671233,32,0.15139081535457544,85.59363415389487,-0.9999437981314896,1.1407604668114911e-05,0.00030660281058155566,83.88176147081697,87.30550683697277,1129,3293
SPY,450,451.25889358294563,0.997210263108722,call,0.4054794520547945,148,0.1142846361574032,17.21899503443734,0.6089522094881272,0.011725008652808377,1.1002589256006419,16.874615133748595,17.563374935126088,806,1195
SPY,450,381.848511232266,1.1784778171526762,call,0.4054794520547945,148,0.1490960315360723,76.19933537843832,0.9767470029093818,0.0012872271848734702,0.1575851050561927,74.67534867086955,77.72332208600709,120,13363
SPY,450,378.2468446217388,1.189699283413764,call,0.4,146,0.11673611278101378,79.28386322985494,0.9960988038275926,0.0003486852980959944,0.03297037468972849,77.69818596525785,80.86954049445204,789,6118
SPY,450,378.9598852379987,1.187460777589654,put,0.03561643835616438,13,0.1938443653228688,3.0660560669999747e-06,-9.50745584959001e-07,2.863483139564822e-07,4.003347846624436e-06,3.0047349456599753e-06,3.127377188339974e-06,1813,10082
SPY,450,396.33877895589,1.1353923055055941,put,0.4876712328767123,178,0.14742658560970054,1.3455192605003106,-0.06404487066960211,0.0027055326273208403,0.3938952543765344,1.3186088752903042,1.372429645710317,2224,792
SPY,450,447.6140080876583,1.0053304674769572,call,0.4657534246575342,170,0.1543163255870124,25.658423474927076,0.6271300549466492,0.007986850543346352,1.1624345668101075,25.145255005428535,26.171591944425618,870,9943
SPY,450,390.57618223037656,1.1521439874553667,call,0.40821917808219177,149,0.14356193056940303,67.9054303383561,0.965038196272306,0.0018703528780636591,0.2219633514850505,66.54732173158898,69.26353894512322,657,2373
SPY,450,415.8835172937416,1.082033745718664,call,0.25753424657534246,94,0.1808937458823033,42.728138450700044,0.8519936250546407,0.005593920039335941,0.5277154666247259,41.87357568168604,43.582701219714046,117,3392
SPY,450,559.324812385287,0.8045414579069676,call,0.3561643835616438,130,0.16525000560094824,0.3892598157603917,0.024113198618049104,0.0012776301784357786,0.1522727390630157,0.38147461944518385,0.39704501207559956,1142,1355
SPY,450,468.7064702786262,0.9600891571488099,call,0.32054794520547947,117,0.1352513690572571,9.005898681973008,0.3880926561120507,0.011118825434009787,0.9761546030906552,8.825780708333548,9.186016655612468,2029,1265
SPY,450,379.6542396077935,1.1852890157762443,call,0.13150684931506848,48,0.15925016250844287,72.84133956223718,0.9989863748677313,0.00013118426564983694,0.0055633327084480075,71.38451277099243,74.29816635348193,2217,3750
SPY,450,375.88146758648253,1.19718591844772,call,0.4602739726027397,168,0.1666569578530382,83.33340199520819,0.967975230339986,0.001411576815735987,0.2192650495916885,81.66673395530403,85.00007003511236,1188,392
SPY,450,519.3389278962206,0.8664861727637012,call,0.14520547945205478,53,0.14736927819346599,0.06868691736828847,0.00831916355439611,0.0008977367782893178,0.03890129031897228,0.0673131790209227,0.07006065571565424,1193,2424
SPY,450,411.01885568127216,1.0948402823372076,put,0.043835616438356165,16,0.19146715283491295,0.06034085160052349,-0.00977190308211497,0.0014479767205119443,0.024609795489161833,0.05913403456851302,0.06154766863253396,3003,11048
SPY,450,458.12591630479005,0.9822627011142852,put,0.4383561643835616,160,0.13105359429639865,14.654609255855092,-0.46425103991415206,0.01017622536199815,1.183825794135477,14.36151707073799,14.947701440972194,623,2179
SPY,450,435.4294655700428,1.0334624447403489,call,0.2876712328767123,105,0.14168253943832654,26.217213198549416,0.7455053752461541,0.009380488036713607,0.7742179362764853,25.692868934578428,26.741557462520404,301,3018
SPY,450,553.5556611587616,0.8129263804438602,put,0.4520547945205479,165,0.19297326542871146,93.41659701982132,-0.9126464004296705,0.002720207220890466,0.4805241756387042,91.5482650794249,95.28492896021775,177,12091
SPY,450,398.5775574159973,1.1290148971692675,call,0.2356164383561644,86,0.12595364308430318,56.22450943508147,0.9863789070027713,0.0012667916329969391,0.0761283705282046,55.100019246379844,57.3489996237831,1293,4752
SPY,450,465.2137866695381,0.9672972145162475,call,0.1643835616438356,60,0.15431262718512023,6.567304913466586,0.3561432700700388,0.013238355593257839,0.6800156709358451,6.435958815197254,6.698651011735918,26,2361
SPY,450,400.2770513829923,1.1242213323127332,call,0.0410958904109589,15,0.17633312925296551,50.546291354624316,0.9995973146568173,9.039789797903311e-05,0.0013265257012101289,49.53536552753183,51.5572171817168,1384,2496
SPY,450,397.64393730352595,1.1316656882826057,call,0.4520547945205479,165,0.10687966394640258,61.47471165762698,0.9808544472559244,0.0014427843489203957,0.1411603119519137,60.24521742447444,62.70420589077953,13,391
SPY,450,417.9492449805415,1.0766857588675647,call,0.27123287671232876,99,0.13542498277574702,39.24946434997946,0.898874192175648,0.005574904693442453,0.4146709330655229,38.46447506297987,40.03445363697905,5694,4053
SPY,450,406.28570351471285,1.1075949660722042,call,0.46301369863013697,169,0.1419562698698902,54.878778243653414,0.9108336398570593,0.003710151667914122,0.493815946600456,53.781202678780346,55.97635380852648,598,691
SPY,450,380.8329611164398,1.181620410903489,put,0.021917808219178082,8,0.18529232619682084,8.074859317767682e-10,-4.195797715382699e-10,2.1388261077196652e-10,1.7589563425325689e-09,7.913362131412328e-10,8.236356504123035e-10,2105,7073
SPY,450,549.612556229565,0.818758587116488,put,0.27123287671232876,99,0.16480214381934985,92.43346968302575,-0.9833685912794622,0.0010712939685219504,0.09697033018466042,90.58480028936523,94.28213907668626,646,8900
SPY,450,487.4820587586735,0.9231108959084198,put,0.1589041095890411,58,0.13849027895299004,34.783326888497015,-0.8993225291603262,0.00709926889539539,0.31636838151115876,34.08766035072708,35.47899342626695,823,10463
SPY,450,468.07073843337446,0.9613931464849588,call,0.3178082191780822,116,0.09956154821448933,5.727805323222157,0.34815857269479417,0.014636760824002584,0.937835719826381,5.613249216757714,5.8423614296865995,968,6088
SPY,450,508.36792550355545,0.8851856646035643,put,0.4657534246575342,170,0.14206493941635806,50.35504554897,-0.8337837952141374,0.0057166904544691845,0.7659716073945059,49.347944637990594,51.3621464599494,14,2158
SPY,450,434.3767393496873,1.0359670747418532,put,0.09315068493150686,34,0.1342468796224294,1.5753819324606013,-0.15948737376512928,0.013168656631723749,0.3334699879262915,1.5438742938113892,1.6068895711098135,428,3607
SPY,450,404.1451987193548,1.1134612050964572,call,0.09315068493150686,34,0.15743397383175572,47.80052847567123,0.9908048527393689,0.0011454473288774185,0.034016111130108974,46.844517906157805,48.75653904518465,741,5980
SPY,450,402.29263523637894,1.1185887102695509,put,0.38904109589041097,142,0.15504212678943105,1.6293406624568831,-0.07951107025034826,0.003400466282807391,0.41534472352839225,1.5967538492077455,1.6619274757060207,68,234
SPY,450,429.25731071438497,1.0483222737688365,call,0.3561643835616438,130,0.1681026109135242,35.12831866488074,0.7574309783293697,0.006926021994310656,0.839718730584921,34.42575229158312,35.83088503817835,866,2089
SPY,450,443.39109317114264,1.014905366685628,put,0.4246575342465753,155,0.1580027064227902,11.286085767905377,-0.3440649815595889,0.007943784272812178,1.0793339278820464,11.06036405254727,11.511807483263484,1192,2652
SPY,450,391.3972478545845,1.149727041941767,call,0.43561643835616437,159,0.1379401211608324,67.61417022301242,0.9654133428001876,0.0018677545114816642,0.2272687297702074,66.26188681855217,68.96645362747267,3616,4605
SPY,450,505.87965579467544,0.8895396263625283,call,0.0684931506849315,25,0.14436556444623738,0.006698328416411381,0.001401663951625647,0.00026978300306664313,0.0054019476314607386,0.0065643618480831535,0.0068322949847396085,32,3978
SPY,450,443.88792888922393,1.0137694014930092,put,0.043835616438356165,16,0.13476216642193853,2.2575621037647977,-0.2821471606676482,0.026610494957671323,0.31832671118304057,2.2124108616895017,2.3027133458400937,2246,689
SPY,450,482.81199733045617,0.9320398053240622,put,0.43561643835616437,159,0.1390636986005655,30.397119110672293,-0.6856657726082896,0.008593048366505486,1.0541206461395434,29.789176728458845,31.00506149288574,170,2368
SPY,450,561.7710951550224,0.8010380097534586,call,0.1095890410958904,40,0.1632328877757788,0.00019008191905448175,3.488888885087952e-05,6.031394792536978e-06,0.00021848296200939734,0.00018628028067339212,0.0001938835574355714,88,4547
SPY,450,376.72578132326765,1.194502798346726,put,0.13972602739726028,51,0.15325159198256977,0.003973423898997297,-0.0005706918348768853,7.791229334911347e-05,0.0033784175297841544,0.003893955421017351,0.004052892376977243,1426,3788
SPY,450,413.52448381598424,1.088206424556586,put,0.4328767123287671,158,0.10793086581033465,0.8974784110811562,-0.06292364631882395,0.003868963384951953,0.36604082933708176,0.879528842859533,0.9154279793027794,159,714
SPY,450,418.65675848318944,1.0748662021613324,call,0.4246575342465753,155,0.2149465952663647,49.21188631388566,0.7694525975016944,0.004823756946461418,0.8916200964172165,48.227648587607945,50.19612404016337,2019,2185
SPY,450,469.3045943484065,0.958865533001633,call,0.336986301369863,123,0.17424254924361807,13.215409954029582,0.4214755804609834,0.008594366066583984,1.021892799205421,12.95110175494899,13.479718153110174,201,4150
SPY,450,396.0277555937534,1.1362839943511724,call,0.2465753424657534,90,0.1406682803367463,59.06981505507582,0.9793505667067143,0.0015826633882166333,0.1111627819168849,57.88841875397431,60.251211356177336,419,3211
SPY,450,477.6858495963523,0.9420417213117219,put,0.3095890410958904,113,0.1455923376375151,27.202626548778824,-0.6933753443400266,0.009631447546161447,0.8791048771958789,26.658574017803247,27.7466790797544,90,3851
SPY,450,434.8933501028879,1.0347364472083516,put,0.03287671232876712,12,0.1811518186809523,1.0167580068948183,-0.13435017358350532,0.014640614120114782,0.17656938397121974,0.9964228467569219,1.0370931670327148,333,2255
SPY,450,425.1833664433984,1.0583668965326405,call,0.1726027397260274,63,0.1923492384685065,32.521967587428094,0.8045030805781308,0.007678840631286589,0.5162485418467913,31.87152823567953,33.17240693917665,400,13567
SPY,450,560.3889132157615,0.8030137452536299,put,0.0684931506849315,25,0.14970218340695915,108.4730556122243,-0.9999999801899878,6.364374062596863e-09,1.32146602993731e-07,106.30359449997981,110.64251672446879,1902,459
SPY,450,400.94589205491826,1.1223459546964574,call,0.4273972602739726,156,0.14298570935625257,58.781337574992335,0.9344899238207883,0.0030325768230198835,0.37528500088135963,57.60571082349249,59.956964326492184,1847,265
SPY,450,557.4156774283183,0.8072969925713445,call,0.1095890410958904,40,0.17462131942385578,0.0010913794916944664,0.00017220552828494501,2.5330019849336577e-05,0.000981578302621952,0.001069551901860577,0.0011132070815283556,1698,1491
SPY,450,518.2212135417492,0.8683550349560264,call,0.18082191780821918,66,0.15882810463268796,0.3096905425099692,0.027281137796598316,0.0020686925197768487,0.12030935431961214,0.3034967316597698,0.31588435336016857,1267,3828
SPY,450,454.2482231164493,0.9906477936505648,put,0.4849315068493151,177,0.13716837410680768,13.903690089750029,-0.4194781604402535,0.009091483818136382,1.2245998175189543,13.625616287955028,14.18176389154503,1241,1112
SPY,450,411.14706547797243,1.0944988734793952,call,0.39452054794520547,144,0.16566442267843598,50.18735436639264,0.8663659325426392,0.004604550436879511,0.6094121954831027,49.18360727906479,51.19110145372049,1228,7300
SPY,450,538.9763296932462,0.8349160718358702,call,0.3561643835616438,130,0.1561071807944395,0.743167199178842,0.04466924761421249,0.002247540892245624,0.25304979989475596,0.7283038551952652,0.7580305431624188,901,2304
SPY,450,458.385153020922,0.9817071888876399,call,0.024657534246575342,9,0.12660285250480707,0.9629227441384387,0.19579929092733261,0.030895778559566444,0.19530677427277535,0.9436642892556699,0.9821811990212075,796,1126
SPY,450,419.06128405796443,1.0738286191519333,call,0.2410958904109589,88,0.17003613010313987,38.97503574347144,0.850664693828267,0.006187514941383486,0.5136559321474465,38.19553502860201,39.754536458340866,124,3204
SPY,450,431.67920954196023,1.0424407524223354,put,0.4575342465753425,167,0.12931569676585272,5.1121762151448,-0.2175611908872691,0.0074742484556520805,0.8955037499216008,5.009932690841904,5.214419739447695,112,9509
SPY,450,409.6906178600457,1.0983898102194871,call,0.22465753424657534,82,0.14425942236200187,45.67169596636916,0.9419033814617273,0.0037748150243653057,0.2477341507712663,44.758262047041775,46.58512988569654,1351,4272
SPY,450,395.8718446377719,1.1367315107033087,call,0.20821917808219179,76,0.13131610764753823,58.3169506774027,0.9904218595716168,0.0009518981552650509,0.05270529419283359,57.15061166385465,59.483289690950755,1586,1125
SPY,450,519.9532780197795,0.8654623771462818,put,0.46301369863013697,169,0.16692385608769286,62.01644021558673,-0.8441121461304555,0.004679619316804611,0.7323990991670181,60.77611141127499,63.256769019898464,2384,1900
SPY,450,434.64710365298225,1.0353226703180227,put,0.410958904109589,150,0.172287938705923,9.550307549352397,-0.28925460339393766,0.006878928263185544,0.9862773909100925,9.359301398365348,9.741313700339445,601,6255
SPY,450,387.97552520256124,1.1598669781168693,call,0.35342465753424657,129,0.17822587482869245,69.9224031783454,0.947326592912616,0.0022546133073147187,0.2875839831253518,68.5239551147785,71.32085124191231,861,2195
SPY,450,470.4195758776592,0.9565928440806007,put,0.15616438356164383,57,0.13508242277146354,20.344873263743352,-0.7448481151529291,0.013371696487174508,0.571205486762124,19.937975798468486,20.75177072901822,260,3913
SPY,450,462.67200450695003,0.9726112572545771,put,0.19452054794520549,71,0.1216607685079472,14.360665461644942,-0.6215158636954016,0.015749560822452963,0.7547611113203055,14.073452152412044,14.64787877087784,182,10544
SPY,450,450.82525792271315,0.9981694505615862,put,0.43561643835616437,159,0.1729574555888672,16.14456668460855,-0.40833559829025823,0.007560241552860502,1.1534645367673084,15.821675350916378,16.46745801830072,6071,6979
SPY,450,415.59221283896085,1.0827921844973836,call,0.43561643835616437,159,0.18392107455157472,49.22468898802265,0.8147109028339521,0.004891269662918206,0.7935647893136494,48.24019520826219,50.209182767783105,1405,543
SPY,450,443.52780253698336,1.0145925405938379,put,0.13972602739726028,51,0.15869735392766116,6.4374087584988615,-0.3476595289777268,0.01384144930709824,0.621517828696151,6.3086605833288845,6.566156933668839,610,4631
SPY,450,449.58847414240535,1.000915338985012,put,0.3835616438356164,140,0.141493031405336,11.501667719361677,-0.3923848203032904,0.009746490310024333,1.071133261030711,11.271634364974444,11.73170107374891,1477,61
SPY,450,432.95162886531807,1.0393770804820908,put,0.4602739726027397,168,0.14071905315475397,6.515598897655067,-0.24404769084549705,0.0073021196446573,0.9577304457394823,6.385286919701966,6.645910875608169,1259,4569
SPY,450,397.97667557119223,1.1307195311236313,call,0.2136986301369863,78,0.13232666807071636,56.38503472595721,0.9865724802920735,0.001250560482784821,0.07161085253791906,55.25733403143806,57.51273542047636,619,14714
SPY,450,522.4414363452387,0.8613405612464321,put,0.3972602739726027,145,0.1426344430000324,63.61569714224032,-0.918408339754939,0.0037299060666474092,0.427979010764957,62.34338319939551,64.88801108508513,704,4726
SPY,450,557.4522189219936,0.8072440735283363,put,0.17534246575342466,64,0.1411635161549875,102.58823651976809,-0.9997140899100896,3.9761344095735115e-05,0.0019929465964177006,100.53647178937273,104.64000125016345,1192,12787
SPY,450,415.5525803085767,1.0828954537253594,call,0.3013698630136986,110,0.1578224996081394,43.24721300291935,0.8721111739933698,0.005364633789288018,0.5166945092260126,42.382268742860965,44.11215726297774,858,4666
SPY,450,464.0838933800477,0.9696522685209544,put,0.09041095890410959,33,0.1388172702290075,15.04661628752217,-0.7287880895636738,0.017642802511575344,0.44839129814529705,14.745683961771727,15.347548613272613,133,12681
SPY,450,392.0002181513082,1.1479585448248513,call,0.16164383561643836,59,0.14675034965849337,61.20853565510498,0.9938805541344288,0.0006516855541439201,0.03130411379183195,59.984364942002884,62.43270636820708,894,2545
SPY,450,547.5087614760747,0.8219046555288125,put,0.3863013698630137,141,0.17033860684056465,88.05734963667976,-0.9470796224923175,0.002264783682102084,0.3017804445323798,86.29620264394616,89.81849662941336,405,2538
SPY,450,443.3679946073127,1.0149582411751692,put,0.21643835616438356,79,0.13806486837228993,6.5776856165957724,-0.3329606614009059,0.012573865039310315,0.7608713513090167,6.446131904263857,6.709239328927688,425,2130
SPY,450,410.95871674097515,1.0950004992438993,call,0.057534246575342465,21,0.14540542461626968,40.23848833848098,0.9965541306811609,0.0006603408850806285,0.011186655252332962,39.43371857171136,41.043258105250594,151,970
SPY,450,450.2939928521527,0.9993471090957919,call,0.25205479452054796,92,0.15168249927959,16.426201099113115,0.5773010841156335,0.011422419319473385,0.8843283858348979,16.097677077130854,16.754725121095376,450,4344
SPY,450,427.3886954144598,1.052905715167812,call,0.4383561643835616,160,0.1539489356326731,37.96962418323261,0.7798795955599509,0.006457472230971055,0.8824525931362024,37.210231699567956,38.729016666897266,3245,804
SPY,450,465.91102480312276,0.9658496494908095,call,0.18356164383561643,67,0.12184273434257215,4.780691776411857,0.3214299041457145,0.015251608062141887,0.6907521393713768,4.68507794088362,4.876305611940094,203,1780
SPY,450,487.0262850931106,0.9239747705074444,put,0.34794520547945207,127,0.14207787196845711,33.85116861570663,-0.756155718003946,0.008314436213586846,0.8323292050234349,33.174145243392495,34.52819198802076,211,186
SPY,450,455.08476306653625,0.9888267780439997,call,0.4712328767123288,172,0.17308056984895814,24.056775041530614,0.5647979451581856,0.007362948721351525,1.2160759573925495,23.5756395407,24.537910542361228,67,7470
SPY,450,458.5681001216257,0.981315533899211,call,0.32054794520547947,117,0.17576250482448807,17.251381599504242,0.5084881543728464,0.008906898510123098,1.016180277751013,16.906353967514157,17.596409231494327,108,2035
SPY,450,542.0371846269381,0.8302013455215558,put,0.3698630136986301,135,0.116173134803367,82.2075452240943,-0.9902743823645815,0.0008181669068336881,0.07118910767248847,80.56339431961241,83.8516961285762,317,11386
SPY,450,445.266202829435,1.0106313866637175,call,0.2493150684931507,91,0.14534207184135264,18.645380567645248,0.6382481870738231,0.01147502662631155,0.8420126265517806,18.272472956292344,19.01828817899815,250,1313
SPY,450,421.0498354379136,1.0687570974394913,put,0.20821917808219179,76,0.1735798010203649,3.017555620036376,-0.1561090867381406,0.006716951975143467,0.491606011306347,2.957204507635648,3.0779067324371034,414,4213
SPY,450,389.6157217780171,1.1549841930054012,put,0.26301369863013696,96,0.14996065812766732,0.24075628639663194,-0.018627286528668706,0.001317002185370726,0.10518824990055047,0.2359411606686993,0.24557141212456457,4485,4621
SPY,450,400.8051517876011,1.1227400595850343,put,0.4054794520547945,148,0.1509389816502547,1.4307154823858,-0.07166173835500644,0.00316083741216794,0.3917395780064389,1.4021011727380839,1.459329792033516,2889,760
SPY,450,467.5048187829094,0.9625569233094088,put,0.16164383561643836,59,0.11828935500970858,17.21577728693711,-0.728640622055527,0.015488666906784491,0.599713573654821,16.87146174119837,17.560092832675853,2414,4900
SPY,450,481.6201223869494,0.934346342859934,call,0.36712328767123287,134,0.18824815325655733,11.502504765291803,0.3529368366437393,0.007238220682553099,1.012976816105941,11.272454669985967,11.73255486059764,892,1560
SPY,450,428.7104274589732,1.0496595631396537,call,0.4657534246575342,170,0.13968846950773833,36.558017618869144,0.788242042829896,0.006750995611600381,0.8894252800454858,35.82685726649176,37.28917797124653,348,14826
SPY,450,407.0768712301249,1.1054423176639043,call,0.07671232876712329,28,0.17977793372287215,44.62281962951829,0.9827922786276212,0.0019011823119099327,0.053094598872991304,43.73036323692792,45.51527602210866,2028,3341
SPY,450,388.6611509536126,1.1578208907576366,call,0.36164383561643837,132,0.15581608634188368,68.92054603352454,0.964360959182016,0.0018599058226698864,0.21223125403671517,67.54213511285406,70.29895695419503,312,3900
SPY,450,427.1916857069235,1.053391287930459,call,0.29315068493150687,107,0.12554847678674497,31.579662094296964,0.8449008957659943,0.007793194998827456,0.5808218315134227,30.948068852411023,32.2112553361829,150,9006
SPY,450,376.9599175586948,1.1937608722814208,call,0.09041095890410959,33,0.1479240456464767,74.7403918402211,0.9999798520471849,4.355222003381658e-06,0.0001179492480945272,73.24558400341667,76.23519967702552,1729,3771
SPY,450,399.63703317752095,1.1260217713609828,put,0.1232876712328767,45,0.140104885203198,0.03701799729953459,-0.005194445322926773,0.0006757497585448956,0.023636537353074857,0.0362776373535439,0.03775835724552528,69,2598
SPY,450,450.4567822802231,0.9989859575919562,put,0.2191780821917808,80,0.15516622659463947,10.868777654148857,-0.43124143731904774,0.012022275355059007,0.8279536397590413,10.65140210106588,11.086153207231835,1002,3408
SPY,450,437.18278388185604,1.0293177512717602,put,0.40821917808219177,149,0.17097311848613947,10.218472506009647,-0.30643112912216647,0.007140477608520027,1.0091913658547857,10.014103055889453,10.42284195612984,518,7368
SPY,450,464.48523983111096,0.9688144238202749,call,0.36712328767123287,134,0.1617565313374701,14.850833172973665,0.465350790239602,0.009011303172050698,1.0836433945437303,14.553816509514192,15.147849836433139,94,7369
SPY,450,543.938189420603,0.8272998821416366,put,0.0410958904109589,15,0.14325662904055703,92.82165572608744,-0.9999999999414242,2.9544336952074285e-11,3.5221869003944665e-10,90.9652226115657,94.67808884060919,574,12355
SPY,450,413.36998574260747,1.0886131444487623,put,0.1589041095890411,58,0.19561388463549712,1.914347260837033,-0.10940116014337115,0.005337750815936483,0.3359836392854122,1.8760603156202924,1.9526342060537738,145,3305
SPY,450,495.6140966669148,0.907964488956878,call,0.41643835616438357,152,0.1480505252271953,5.433908347178843,0.2281775213273084,0.0070312846349331925,0.8778501396062347,5.325230180235266,5.542586514122419,904,263
SPY,450,450.65502758710863,0.9985464988804945,put,0.3095890410958904,113,0.1575571097393973,12.689344597406205,-0.4192493880497946,0.009904816185802747,0.9783517637574114,12.43555770545808,12.943131489354329,112,390
SPY,450,412.3614971441667,1.0912755024814413,call,0.1780821917808219,65,0.1331308309300313,41.72039029936718,0.9591870074686201,0.003464728917277332,0.16633874603040208,40.885982493379835,42.55479810535453,912,3077
SPY,450,541.9248971958558,0.8303733641478489,put,0.30684931506849317,112,0.13587757990811158,83.82304702035799,-0.9870631242515038,0.0009841778502130845,0.08309436541767791,82.14658607995082,85.49950796076516,108,1888
SPY,450,400.7223329135188,1.1229721007267044,call,0.14520547945205478,53,0.1741233946795971,52.52275674701252,0.9706579092582687,0.0022372996795198097,0.11454847681387191,51.47230161207227,53.57321188195277,1560,5864
SPY,450,446.19827160640097,1.0085202669654278,put,0.043835616438356165,16,0.17167478557397825,4.309807891567544,-0.3763837102385203,0.02347102647609578,0.35767677636852335,4.223611733736194,4.396004049398895,1018,7115
SPY,450,412.97992917918396,1.0896413317092555,put,0.07945205479452055,29,0.15642597330465788,0.14570848962708816,-0.019738993536635073,0.0024131970471590472,0.060733989792185354,0.14279431983454638,0.14862265941962993,672,1250
SPY,450,376.5478617399523,1.1950672031986587,put,0.3095890410958904,113,0.15257111182481992,0.13391127133877667,-0.010063719545098625,0.0007015555120787606,0.06710346694166736,0.13123304591200113,0.1365894967655522,2593,995
SPY,450,438.0934556606165,1.0271780922210518,put,0.38082191780821917,139,0.1535367105898379,8.44534280508006,-0.29758680062424603,0.008124855994029432,0.9619995469546835,8.276435948978458,8.614249661181661,128,6565
SPY,450,513.089710313413,0.8770396111142522,call,0.20821917808219179,76,0.17811460625056152,1.1741847975401214,0.07414924603485698,0.003836829078776606,0.2881494157944008,1.150701101589319,1.1976684934909239,607,3695
SPY,450,425.40372647000686,1.0578186602503288,call,0.049315068493150684,18,0.15099352423708495,25.880971661843148,0.9613542636097945,0.0055531913884374635,0.08373473139299117,25.363352228606285,26.39859109508001,453,4112
SPY,450,453.434880978042,0.9924247535376346,call,0.3698630136986301,135,0.12949118860626369,16.62850369229423,0.5704997203679868,0.011081130899851634,1.0747073871110415,16.295933618448345,16.961073766140117,518,4248
SPY,450,401.2158474426454,1.121590791760359,call,0.021917808219178082,8,0.18103012221397946,49.22361889066735,0.999992738098121,2.7376774290165907e-06,2.1996585448845724e-05,48.239146512854006,50.2080912684807,1083,6694
SPY,450,446.3987920449219,1.0080672439514928,call,0.4767123287671233,174,0.1460009480103383,25.745129868422964,0.6430268440180011,0.008223112415428634,1.1589729892499734,25.230227271054506,26.260032465791422,2040,107
SPY,450,391.3449561357621,1.1498806690736798,put,0.3972602739726027,145,0.17666178068268548,1.5763823375477202,-0.06833360289313442,0.0026303708152208183,0.37381760115709506,1.5448546907967657,1.6079099842986746,2797,8016
SPY,450,375.2584141350127,1.199173644213335,call,0.09041095890410959,33,0.14861704498759262,76.434193017123,0.9999859335611415,3.081479018851783e-06,8.3844376566156e-05,74.90550915678054,77.96287687746545,653,4346
SPY,450,495.2266814606947,0.9086747884276016,put,0.3424657534246575,125,0.18229658332446952,43.50902421056031,-0.7529665498866991,0.0065774863729251105,0.8315352457572596,42.63884372634911,44.379204694771516,96,2050
SPY,450,445.98273175913124,1.0090076766538092,put,0.18904109589041096,69,0.14200160910750426,7.3595278424710955,-0.37100024547146904,0.013601681176195408,0.739378997899845,7.212337285621674,7.506718399320517,352,9580
SPY,450,414.2802108464433,1.0862213260936968,call,0.11232876712328767,41,0.14824426749700623,38.36297616175989,0.9642648796163339,0.0035154317037050524,0.11854209366197661,37.59571663852469,39.130235684995085,324,12058
SPY,450,550.0951677005392,0.8180402708881294,put,0.40273972602739727,147,0.18919819766631568,90.83989122503334,-0.925770424135487,0.002599335169212642,0.4010779399683455,89.02309340053267,92.65668904953401,3133,7997
SPY,450,498.01179269892924,0.9035930606407255,put,0.3506849315068493,128,0.13437123145639154,42.160204674554905,-0.8446760932215289,0.00666381319478136,0.6358742584059432,41.31700058106381,43.003408768046,4035,10779
SPY,450,432.5594709343821,1.0403193785768792,put,0.18082191780821918,66,0.1293599316047136,2.502598166790534,-0.18129347314236038,0.010648195150439988,0.5043730555766026,2.4525462034547236,2.5526501301263447,67,2567
SPY,450,396.4302620885609,1.1351302941132981,call,0.1589041095890411,58,0.16372905815877942,56.903109291680096,0.9819745315344188,0.001509067383570901,0.07950502029213057,55.76504710584649,58.0411714775137,1775,641
SPY,450,549.5994292527478,0.8187781428591252,call,0.16712328767123288,61,0.14569217304284407,0.005133505097159929,0.0007190121093745101,9.274962138796587e-05,0.004573096486652264,0.005030834995216731,0.005236175199103128,1749,8066
SPY,450,427.7927767825609,1.0519111691984613,call,0.03561643835616438,13,0.14122646023072566,23.077078144511972,0.9760898209517641,0.004694021729265494,0.04781197513308219,22.615536581621733,23.538619707402212,909,3722
SPY,450,497.7362143005609,0.904093347180611,put,0.4575342465753425,167,0.170233929473822,44.47468638306424,-0.7321548318555172,0.006355430908627069,1.0023970041022674,43.585192655402956,45.36418011072552,2277,3112
SPY,450,428.9084471933153,1.0491749531740475,call,0.35342465753424657,129,0.17318349166298416,35.70612995616875,0.7547049799745399,0.006789649247778452,0.8415418224357615,34.992007357045374,36.42025255529213,35,11265
SPY,450,393.33920214383045,1.1440507265671696,put,0.0410958904109589,15,0.14923158219353536,8.146543133798678e-06,-2.9288450061842883e-06,1.0186013245973113e-06,1.2649938154953183e-05,7.983612271122704e-06,8.309473996474652e-06,647,226
SPY,450,394.4332622757996,1.140877413338803,call,0.4767123287671233,174,0.16801549112337194,66.86604350924085,0.9191846574934822,0.002869786868635063,0.4654578736478169,65.52872263905604,68.20336437942566,399,13411
SPY,450,411.3025720831951,1.0940850618093811,call,0.3506849315068493,128,0.1266474432211316,46.93670366045092,0.9292492977312379,0.004011130673305174,0.3607491943469279,45.9979695872419,47.875437733659936,50,3802
SPY,450,379.7952989138903,1.18484878903682,call,0.4931506849315068,180,0.1436995947078185,79.88117058124112,0.975900767493808,0.0012480016183940865,0.17909165918703052,78.2835471696163,81.47879399286595,2248,23823
SPY,450,545.7146294116737,0.8246068104956941,put,0.13424657534246576,49,0.20843134204516617,92.15545942480719,-0.9917835703595628,0.0006529698622488462,0.036998524512910025,90.31235023631105,93.99856861330333,847,5425
SPY,450,442.2554163269091,1.0175115631989597,put,0.10136986301369863,37,0.14017064488554679,3.911843564589759,-0.29983502732176925,0.01730865526716684,0.4980286038759229,3.833606693297964,3.9900804358815543,736,10130
SPY,450,501.04985928892745,0.8981142129021339,call,0.1726027397260274,63,0.16269721228221154,1.0201200059775317,0.0766030031766943,0.0047293927239448795,0.2689417354863915,0.9997176058579811,1.0405224060970824,272,13302
SPY,450,534.2301196931687,0.8423336375314336,put,0.43561643835616437,159,0.1713951265871083,75.08934514237228,-0.8975379049202045,0.0035091909793811375,0.5305603131228861,73.58755823952484,76.59113204521972,209,10670
SPY,450,379.8987579905926,1.1845261152739628,call,0.0958904109589041,35,0.15496131358099124,71.91900261060692,0.999870373889012,2.3387089281989962e-05,0.0007037196373550476,70.48062255839478,73.35738266281906,259,11968
SPY,450,562.1851449825789,0.8004480445920439,put,0.01643835616438356,6,0.1619141117220245,111.72326484016048,-1.0,7.919613466293562e-27,4.268468693659444e-26,109.48879954335727,113.95773013696369,1413,1496
SPY,450,512.964817665848,0.8772531458349173,call,0.04657534246575343,17,0.1593455897978268,0.0003611826847586541,9.832366949256844e-05,2.517674689670127e-05,0.0003783735297537268,0.00035395903106348104,0.0003684063384538272,123,2363
SPY,450,559.9599085601199,0.80362896186109,call,0.3095890410958904,113,0.15976542767937393,0.169184018564561,0.012522466692813112,0.0008101662760643256,0.08114608549343755,0.16580033819326978,0.17256769893585222,137,1665
SPY,450,557.3645216799107,0.8073710874952871,call,0.18356164383561643,67,0.13495990096910587,0.0014259970864722027,0.00022165153777324242,3.205954693530321e-05,0.0016083075375248194,0.0013974771447427586,0.0014545170282016468,108,13841
SPY,450,418.54457972900985,1.0751542889203254,call,0.19726027397260273,72,0.14540409315634362,36.902012661376546,0.9044112921439362,0.005842524598363342,0.3393453021458344,36.163972408149014,37.64005291460408,181,7369
SPY,450,415.34801293386585,1.0834288018410518,call,0.33424657534246577,122,0.17765522866134417,45.617909577969044,0.8399462769776405,0.00526543692181489,0.6331467794676816,44.70555138640966,46.53026776952843,1913,23100
SPY,450,420.3953779223562,1.0704209028747018,call,0.4602739726027397,168,0.12270520253368607,41.653445799205315,0.87192504890075,0.00558890241725179,0.6391914370344441,40.82037688322121,42.48651471518942,139,7099
SPY,450,555.6689074963173,0.8098347665835206,put,0.3917808219178082,143,0.14957415932823032,95.23935447944558,-0.977081734034283,0.0012895103702792938,0.1530204977274005,93.33456738985667,97.14414156903449,1471,5748
SPY,450,459.9528824539898,0.9783610825506993,put,0.4876712328767123,178,0.17350881512374255,21.153162736749834,-0.46761172258720624,0.007292527140884484,1.249544604478627,20.730099482014836,21.576225991484833,5851,2777
SPY,450,458.92386181150977,0.9805548097318701,call,0.1178082191780822,43,0.17684822824535254,8.136591083762141,0.4222606890556156,0.014327072415342975,0.6044477814214251,7.973859262086898,8.299322905437384,249,429
SPY,450,419.69792684864615,1.0721997208298852,call,0.07123287671232877,26,0.15540258483187697,32.073405425723536,0.9630628947702529,0.004326770088409435,0.09699013592668698,31.431937317209066,32.71487353423801,319,15065
SPY,450,522.9984763769384,0.8604231567123601,call,0.26301369863013696,96,0.16489776283461877,0.8983343069904208,0.057070151212847274,0.0030095904515794803,0.2643172821936973,0.8803676208506124,0.9163009931302293,1017,2534
SPY,450,494.6761409554245,0.909686080939468,call,0.3698630136986301,135,0.15893027964029124,5.543581752228235,0.22975596905770013,0.006977066101555407,0.8305110529555264,5.43271011718367,5.6544533872728,526,11226
SPY,450,504.4945744760808,0.8919818423564345,put,0.4575342465753425,167,0.15634494136996357,48.41604816622561,-0.7915196624264289,0.006030190651322859,0.8735012107136226,47.44772720290109,49.38436912955012,827,3188
SPY,450,442.3503807590126,1.0172931223159833,put,0.17534246575342466,64,0.14619013844961218,6.0492107806094,-0.3249482744983463,0.013064625008236058,0.6781521816479994,5.928226564997211,6.170194996221588,227,477
SPY,450,522.3670518094758,0.8614632152644451,call,0.08493150684931507,31,0.16543273582954282,0.008756137599743696,0.0014371341991025123,0.0002162996287665957,0.006154192588851679,0.008581014847748822,0.00893126035173857,1593,1741
SPY,450,386.35417190154,1.1647344139839644,call,0.3452054794520548,126,0.1695633351722685,71.00249007482313,0.9602613087143026,0.0019119570131925457,0.2266275908937764,69.58244027332667,72.42253987631959,205,3100
SPY,450,562.1537596149839,0.8004927340665704,call,0.057534246575342465,21,0.1304553163136184,2.399450688708347e-12,1.2447551508273273e-12,6.3128816447951e-13,9.594909596366635e-12,2.35146167493418e-12,2.447439702482514e-12,223,3382
SPY,450,545.0029693186294,0.8256835748300537,put,0.3315068493150685,121,0.1699675409448767,86.75045598053674,-0.9589813397042158,0.0019971779288632616,0.22787688939208559,85.015446860926,88.48546510014748,1597,1857
SPY,450,458.20738332598216,0.9820880596327205,put,0.20821917808219179,76,0.19006248999743675,17.416451962656566,-0.5179453168500877,0.010211771790910235,0.8183578841040406,17.068122923403436,17.764781001909697,653,4581
SPY,450,490.9099666119328,0.9166650314837214,call,0.13424657534246576,49,0.14604886834604242,0.733403720448127,0.07025932221713886,0.005591717634266303,0.22200955790207952,0.7187356460391644,0.7480717948570895,1966,7567
SPY,450,551.5736499479776,0.8158475301393429,put,0.25205479452054796,92,0.1518197368980054,94.74037587627146,-0.993183124110248,0.0005549958560665157,0.04300688279202621,92.84556835874602,96.6351833937969,962,6061
SPY,450,439.5134407536953,1.0238594733947657,put,0.44931506849315067,164,0.15202574733905147,9.542015910652225,-0.3075531829173988,0.007666706636517289,1.060478830925513,9.35117559243918,9.73285622886527,395,3646
SPY,450,538.827554568641,0.8351465996579334,call,0.4438356164383562,162,0.13738600281749466,0.7647067929069493,0.04647797153296544,0.0023619052337501396,0.2916433876720899,0.7494126570488103,0.7800009287650883,224,5907
SPY,450,398.7324592119044,1.1285762912039465,call,0.3013698630136986,110,0.15016392724645847,57.94542645678024,0.9546098632317324,0.0025729786125818295,0.23579068404733594,56.78651792764463,59.10433498591585,1109,15136
SPY,450,529.6061696156825,0.8496879866912238,put,0.34794520547945207,127,0.15795664799729842,71.61824253453119,-0.935100190737759,0.0030204603331957553,0.3361606924678659,70.18587768384057,73.05060738522181,2736,14720
SPY,450,428.52169390059237,1.0501218640855792,put,0.2410958904109589,88,0.1393167483297396,3.0465843049016286,-0.17738940636486744,0.00844613787323182,0.5744818749693137,2.985652618803596,3.1075159909996612,947,3312
SPY,450,422.8019745728171,1.0643280473197003,call,0.3726027397260274,136,0.17992433071885663,41.35983680897198,0.7858757783281245,0.005898067901191426,0.800701671981721,40.53264007279254,42.187033545151415,1031,3736
SPY,450,411.8481166515347,1.0926358087021328,call,0.043835616438356165,16,0.16345130459606202,39.07175851380657,0.9962068690981833,0.0007335555371272549,0.010643232189048,38.29032334353044,39.853193684082704,1050,3262
SPY,450,430.08828491605766,1.0462968087768971,call,0.4136986301369863,151,0.16254006615567038,36.012306024474015,0.7527047893933327,0.006715688914378829,0.914450313240164,35.29205990398454,36.73255214496349,44,881
SPY,450,556.6933710222148,0.8083444557166153,call,0.42191780821917807,154,0.1471504994139807,0.3958960735103112,0.02514337832443211,0.0013653423994808872,0.17165489850814172,0.38797815204010494,0.40381399498051745,5608,18403
SPY,450,424.4761335542267,1.0601302745387748,call,0.10684931506849316,39,0.14445959997954763,28.627718592530528,0.9151737297951053,0.0073117816081207775,0.22854219240370455,28.055164220679917,29.20027296438114,297,3105
SPY,450,392.2221469120223,1.147309002163352,put,0.4465753424657534,163,0.12838968556646585,0.43445781823413476,-0.028402684716190098,0.0016840239230231054,0.1955231383439736,0.42576866186945206,0.44314697459881747,1357,2771
SPY,450,479.55293031312704,0.9383739970187852,put,0.30684931506849317,112,0.15334510566852155,29.201473250379024,-0.7004575945435392,0.009089714479229202,0.8661046026159893,28.617443785371442,29.785502715386606,2017,4321
SPY,450,461.32735450916823,0.9754461676758361,put,0.3315068493150685,121,0.1827095742016038,20.885949268785453,-0.5104338912318589,0.00842444744669626,1.0332853318307234,20.468230283409742,21.303668254161163,666,10334
SPY,450,387.83716932711064,1.1602807456045034,call,0.0273972602739726,10,0.13944841844325767,62.69375073964011,0.9999999999628192,2.3835578007497186e-11,1.8440446994653189e-10,61.439875724847305,63.94762575443291,975,4992
SPY,450,411.61854294844545,1.0932452089661124,put,0.2821917808219178,103,0.12693524123245262,0.7856277406829548,-0.05878226871569604,0.003863202283588693,0.28021994894583174,0.7699151858692957,0.8013402954966139,1258,11986
SPY,450,516.130072037445,0.8718732435480968,call,0.4821917808219178,176,0.16037852224562293,4.291700229821558,0.16878051446919362,0.00502616960176029,0.7870968559758819,4.205866225225127,4.377534234417989,1926,3389
SPY,450,500.61607496184126,0.8988924297612708,call,0.17534246575342466,64,0.10805625521101343,0.11633048591786022,0.016202654444561024,0.001987180659051754,0.07624289900728014,0.11400387619950302,0.11865709563621742,589,3616
SPY,450,476.8498168056268,0.9436933477599063,call,0.36712328767123287,134,0.15789813551635812,9.905127991797855,0.35716101703154657,0.008665971133903421,1.0172582047511554,9.707025431961897,10.103230551633812,3487,1492
SPY,450,423.4518290860569,1.0626946658165168,put,0.4712328767123288,172,0.138548928846928,4.216352044151222,-0.17498755552716844,0.006022657746018876,0.7962546222129062,4.132025003268198,4.300679085034246,140,17503
SPY,450,458.47452726758166,0.9815158165534557,put,0.3917808219178082,143,0.14782339116585783,16.388283638217246,-0.4775375722863639,0.00956629271143249,1.1219022706146007,16.0605179654529,16.716049310981592,733,2054
SPY,450,397.6834158551464,1.1315533463530438,call,0.0136986301369863,5,0.17583087229313255,52.588876785639286,0.9999999992719086,4.879589526661536e-10,2.3800199012099946e-09,51.5370992499265,53.64065432135207,285,4800
SPY,450,415.62341850005726,1.0827108867541784,call,0.1863013698630137,68,0.12779195455432144,38.76948793794628,0.9492036906375462,0.004207777403471363,0.20286043176334764,37.994098179187354,39.54487769670521,1333,5450
SPY,450,454.6132560716251,0.9898523502999256,put,0.33972602739726027,124,0.120204734219727,11.069678477985747,-0.44753201626573214,0.012543934360399647,1.0373115021666655,10.84828490842603,11.291072047545462,591,9983
SPY,450,439.7726044061142,1.023256099837545,call,0.41643835616438357,152,0.14961449930440826,28.314232660840617,0.6921839364148241,0.00809497595390679,1.0213274337163056,27.747948007623805,28.88051731405743,262,265
SPY,450,426.1358847440633,1.0560011867347654,put,0.10684931506849316,39,0.1517756086728676,1.2004868966909328,-0.10919940537565004,0.008378413184747214,0.27514430448321786,1.1764771587571141,1.2244966346247514,198,463
SPY,450,534.8714919838891,0.8413235828496063,call,0.043835616438356165,16,0.159927290644193,5.259687654617979e-07,1.9085579727959846e-07,6.664923177482653e-08,9.461715243424156e-07,5.154493901525619e-07,5.364881407710339e-07,867,1466
SPY,450,446.1222966751181,1.0086920186544852,put,0.4246575342465753,155,0.15944183867587852,12.498821783248388,-0.3670783283136936,0.008054385830436902,1.1043292748194566,12.248845347583421,12.748798218913356,759,671
SPY,450,527.496727227594,0.853085861527711,call,0.15342465753424658,56,0.13784177802713599,0.019880155890142692,0.0027697175064036145,0.00035040074600958105,0.015006039271277517,0.019482552772339838,0.020277759007945546,177,1043
SPY,450,411.96274258508737,1.0923317899483505,put,0.4410958904109589,161,0.16704029373786183,3.9708578449910163,-0.1467836375996363,0.004603151972664568,0.6868068174934102,3.891440688091196,4.050275001890837,267,16531
SPY,450,498.8235468947905,0.9021226098913727,put,0.16164383561643836,59,0.15337191310904283,45.58700462957171,-0.934292249620555,0.004607968025260475,0.2313339995396176,44.67526453698027,46.498744722163146,687,4809
SPY,450,392.13567757958117,1.1475619937914874,put,0.32054794520547947,117,0.16057193119037166,0.7088117528129025,-0.04130322081252922,0.00216195810636407,0.22533825641363653,0.6946355177566444,0.7229879878691606,120,7936
SPY,450,385.44850725175945,1.1674711187974016,call,0.0136986301369863,5,0.17031080478646676,64.81540818280968,0.9999999999999972,2.4860184509314337e-15,1.1744883578925744e-14,63.519100019153484,66.11171634646587,1099,4304
SPY,450,479.0141419413661,0.9394294668967882,call,0.18356164383561643,67,0.12986557573503485,2.3186132375353736,0.1761314951481166,0.010337548246767423,0.4990206993394662,2.272240972784666,2.364985502286081,2013,25055
SPY,450,408.7300728760768,1.100971105046229,put,0.2219178082191781,81,0.1424569283381475,0.6669504330964209,-0.05131040870278658,0.0034863041549995826,0.2231855285397978,0.6536114244344925,0.6802894417583493,517,1980
SPY,450,421.728441106597,1.0670373542254339,call,0.2356164383561644,86,0.146482601040588,35.415288279586775,0.8673173313083218,0.006705435573054561,0.4686446369223895,34.70698251399504,36.123594045178514,1598,2859
SPY,450,399.2427920500927,1.1271336864700086,call,0.25205479452054796,92,0.17531287490796768,56.83569947560858,0.9390592594117811,0.0030444463925771333,0.2724219726516467,55.698985486096404,57.97241346512075,392,2282
SPY,450,469.4987151549819,0.9584690766437022,call,0.4191780821917808,153,0.12517281478665387,10.334391098766588,0.4112739390102792,0.010667593820519053,1.1334440407649622,10.127703276791255,10.54107892074192,491,2977
SPY,450,502.78337954407306,0.895017652349731,put,0.10684931506849316,39,0.18756450884698947,50.60845899708971,-0.9546024858484687,0.0034599668438026715,0.14041689692753556,49.59628981714792,51.620628177031506,1424,3470
SPY,450,442.50160411609164,1.0169454659918953,put,0.20821917808219179,76,0.17095888775648796,8.604181622088902,-0.3490589899860147,0.010540919552066215,0.759829127465016,8.432097989647124,8.77626525453068,1878,12280
SPY,450,399.81998670965066,1.1255065153278345,call,0.4301369863013699,157,0.12785634385448064,59.3846176733104,0.9562178200062714,0.0024570169756124695,0.27362908226777555,58.19692531984419,60.57231002677661,282,3237
SPY,450,469.85311255925484,0.9577461295273401,put,0.2493150684931507,91,0.11899344923213187,19.261951100117983,-0.68690969375554,0.013251847889361627,0.7961099485905545,18.876712078115624,19.647190122120342,1373,6284
SPY,450,446.210046700827,1.0084936529941337,call,0.0684931506849315,25,0.16556078618047132,10.678711208067114,0.6163470591904618,0.019584102990683708,0.44971081936631846,10.46513698390577,10.892285432228457,1063,2390
SPY,450,512.0259823350561,0.878861650629151,put,0.3972602739726027,145,0.16107505420107573,55.4224275490302,-0.8474342600712239,0.005161461236640624,0.6688074798650189,54.3139789980496,56.53087610001081,216,909
SPY,450,429.82377008123865,1.0469407029651896,call,0.3315068493150685,121,0.13234050949041518,31.099527547919365,0.8044575195143335,0.008054384731976158,0.7155544819302885,30.47753699696098,31.721518098877752,759,4348
SPY,450,538.3737651655736,0.8358505356619769,put,0.4438356164383562,162,0.1353149395508956,77.2797544778524,-0.955223902516294,0.002327204222848483,0.28302670920762074,75.73415938829535,78.82534956740946,510,18801
SPY,450,398.4876574328475,1.1292696062382641,put,0.2684931506849315,98,0.16681817426121293,0.9236494470552472,-0.054250849571411776,0.0028290190039993966,0.2565886651299585,0.9051764581141423,0.9421224359963521,1608,1020
SPY,450,490.1366449913812,0.9181113156881241,call,0.4767123287671233,174,0.13431810169676167,6.526389574833146,0.2683302922760358,0.007898339106727537,1.024122086799055,6.395861783336484,6.656917366329809,296,16474
SPY,450,452.9814064363235,0.9934182586879698,call,0.030136986301369864,11,0.1410635865539121,3.3528556583384557,0.4223526281011181,0.03551412587887873,0.30573200158173625,3.2857985451716867,3.4199127715052247,1002,15121
SPY,450,432.42423457959336,1.0406447280585325,call,0.33424657534246577,122,0.17487566493746404,32.702405316894215,0.7290396073916728,0.007280442660587854,0.861745766262966,32.04835721055633,33.3564534232321,2155,1294
SPY,450,508.5792022401652,0.8848179359632907,put,0.038356164383561646,14,0.14592421157314472,57.604816406086684,-0.9999866871504319,4.57252322168853e-06,5.1825496807679244e-05,56.45272007796495,58.75691273420842,2302,2180
SPY,450,502.93477889742917,0.8947482235897929,put,0.11232876712328767,41,0.1331079373635512,50.181544387271515,-0.990478891646364,0.0012718970374246605,0.03850985906461268,49.177913499526085,51.185175275016945,321,8647
SPY,450,464.15903132543036,0.9694953014595051,call,0.2547945205479452,93,0.1561622606684402,10.516452105948474,0.4238786407780587,0.011041373763362776,0.8896400186702729,10.306123063829505,10.726781148067444,551,830
SPY,450,503.30265303988597,0.8940942339207939,put,0.30684931506849317,112,0.13912540673541213,47.46661664067551,-0.8878056678173099,0.005499225998035131,0.475398930905903,46.517284307862,48.41594897348902,640,3832
SPY,450,516.4231832954247,0.8713783860911088,put,0.11232876712328767,41,0.18027966137842294,63.678634451193716,-0.9844375907593235,0.001437557174364582,0.05895055251605596,62.405061762169844,64.9522071402176,1016,1484
SPY,450,427.4290960578614,1.0528061944081673,put,0.4301369863013699,157,0.18484420999434845,8.836143463128408,-0.25382640569378634,0.005871944107876092,0.9454086683991509,8.65942059386584,9.012866332390976,320,4544
SPY,450,420.4285295569785,1.0703364980349503,call,0.12602739726027398,46,0.18671915869310157,34.10525205830294,0.8756800116589545,0.006874934732449536,0.3276026877548008,33.42314701713688,34.787357099469,15,2085
SPY,450,399.1191625105481,1.1274828228476932,put,0.19726027397260273,72,0.1446649621939863,0.21736077072182702,-0.02003146049074319,0.0016768393115984338,0.09689903775636152,0.21301355530739047,0.22170798613626358,411,11797
SPY,450,405.7530037759305,1.109049090979753,call,0.1095890410958904,40,0.14327359081511598,46.53869354122196,0.9898696828477876,0.0012629231303583034,0.04015459199069035,45.60791967039752,47.4694674120464,420,4800
SPY,450,460.6106383685292,0.9769639745922678,put,0.17534246575342466,64,0.1307414865294906,13.540998814381908,-0.5941309852196079,0.01574060485918309,0.7307132332326424,13.27017883809427,13.811818790669546,1107,362
SPY,450,426.1092114686477,1.0560672895312664,put,0.03287671232876712,12,0.15914063267319614,0.12323716730497303,-0.024885283124224278,0.004483686948819714,0.04750395534019845,0.12077242395887357,0.1257019106510725,262,3051
SPY,450,513.6224398019494,0.8761299451276272,call,0.36712328767123287,134,0.17224473170143526,3.4680045275769658,0.1493929031705602,0.004951220454638689,0.6340086347655836,3.3986444370254265,3.537364618128505,475,2254
SPY,450,375.56579102790454,1.1981921962817028,put,0.09315068493150686,34,0.17628751904749654,0.0015898335468169655,-0.0002563134085425881,3.9454567417287884e-05,0.001311988209260719,0.0015580368758806261,0.001621630217753305,3161,963
SPY,450,418.2148530060053,1.0760019563282663,put,0.16164383561643836,59,0.1174995083051105,0.3539017895792931,-0.040464030413185456,0.0040918125748863905,0.1573750773784787,0.3468237537877072,0.36097982537087897,526,2746
SPY,450,398.6807821037901,1.1287225775604348,put,0.043835616438356165,16,0.18207270548309756,0.0026328720048906518,-0.0005710221312977821,0.00011714493296172086,0.0018933046412231288,0.0025802145647928387,0.0026855294449884648,644,2410
SPY,450,530.7031835724621,0.8479316008070585,put,0.32602739726027397,119,0.13255220816915425,72.46470366527564,-0.9729635243318395,0.0018321899517577686,0.16033804667696538,71.01540959197013,73.91399773858114,20,6681
SPY,450,406.34258445522715,1.1074399219154034,put,0.18904109589041096,69,0.1563385382383169,0.6106769194979513,-0.04702996309738587,0.0032105937071055892,0.19214657648357833,0.5984633811079922,0.6228904578879104,297,7753
SPY,450,392.71317156082705,1.1458744768134161,put,0.0547945205479452,20,0.18110535265600675,0.002474230646425546,-0.00048718898586321176,9.094614907321529e-05,0.0018275857348622514,0.0024247460334970348,0.002523715259354057,1523,6167
SPY,450,552.5105049485657,0.8144641522099049,call,0.4246575342465753,155,0.14262932394039526,0.41083764272053,0.026612163018881082,0.001472380722498646,0.18058962976694962,0.40262088986611944,0.4190543955749406,425,1365
SPY,450,448.2564175949099,1.0038896987006793,put,0.19452054794520549,71,0.12355037737037501,6.975378108883007,-0.39089885062058605,0.015657124304321233,0.7619852902421539,6.835870546705347,7.114885671060667,328,14270
SPY,450,391.530868967182,1.149334664689539,put,0.0273972602739726,10,0.15659864168023138,5.546202540675235e-08,-2.7328999830366104e-08,1.3141052972814486e-08,1.1416955801989585e-07,5.43527848986173e-08,5.65712659148874e-08,836,2480
SPY,450,449.792555820426,1.000461199672804,put,0.14520547945205478,53,0.166790569474309,9.717318435536072,-0.43909430881207107,0.013785854066469332,0.6761035262823524,9.52297206682535,9.911664804246794,775,4943
SPY,450,420.6702309976541,1.0697215225636194,call,0.4438356164383562,162,0.13907621055533997,42.09608075655365,0.8445319412781147,0.005726504166789511,0.7157965610350625,41.254159141422576,42.93800237168472,363,421
SPY,450,468.1686557140528,0.9611920715060646,call,0.1917808219178082,70,0.16042570523152808,7.0999556193216335,0.34761223810935465,0.011686691746882737,0.7281079102293284,6.957956506935201,7.241954731708066,1187,2124
SPY,450,378.07371398138395,1.190244080343966,put,0.038356164383561646,14,0.15405805306847803,5.4086241021436286e-09,-2.445148101663208e-09,1.0828841504619433e-09,1.2957660624932172e-08,5.3004516201007556e-09,5.5167965841865016e-09,376,4661
SPY,450,525.8980174129229,0.855679209847012,put,0.23013698630136986,84,0.16044601399791264,70.3195666975584,-0.9668917681120802,0.0021312409700137507,0.15935765769361224,68.91317536360724,71.72595803150956,1768,1910
SPY,450,380.99462949425254,1.1811190110405176,put,0.3780821917808219,138,0.15071609743096526,0.3222787321659606,-0.02035070738350378,0.0011782693553599507,0.13596135129323006,0.31583315752264135,0.32872430680927983,650,3527
SPY,450,503.9077805689082,0.8930205433461521,put,0.4849315068493151,177,0.13496781022870125,45.91357516492155,-0.8156381483384028,0.006297680142444661,0.834672740958508,44.99530366162312,46.83184666821999,1499,650
SPY,450,433.64453261701277,1.0377163002247098,put,0.0958904109589041,35,0.09393180940625745,0.4323585484463024,-0.07322438200238826,0.010618545060473853,0.19367693784218137,0.42371137747737636,0.4410057194152284,1906,1
SPY,450,557.5689136049425,0.8070751238453029,put,0.36712328767123287,134,0.16454700570963143,97.88735903601702,-0.9723089922052407,0.001418902364217615,0.17357191602173536,95.92961185529667,99.84510621673736,453,2442
SPY,450,438.6920815179185,1.025776436271553,call,0.4547945205479452,166,0.13738660453296103,28.967470577715346,0.7144534924226014,0.008150276010656078,1.0312333694279174,28.38812116616104,29.546819989269654,1403,4831
SPY,450,489.69357212042985,0.9189420192947355,call,0.23835616438356164,87,0.152394470007688,3.0260389438576567,0.173922246862951,0.00766906107350093,0.5641087288810775,2.9655181649805034,3.08655972273481,153,647
SPY,450,488.4349145989229,0.9213100590270382,call,0.32602739726027397,119,0.16451164451447875,6.248116549559583,0.2571993250461997,0.007630668589988717,0.8287782787087323,6.123154218568391,6.373078880550775,712,28564
SPY,450,399.79100425872275,1.1255881078024075,put,0.29315068493150687,107,0.13720281113087873,0.45778567913995794,-0.03384843624562845,0.002248804620835108,0.1831600171129113,0.4486299655571588,0.4669413927227571,365,4889
SPY,450,445.184622439314,1.0108165855646607,put,0.18356164383561643,67,0.14183610111642936,6.9346043447626755,-0.3599998717474186,0.013681002059668964,0.7212929023233486,6.795912257867422,7.073296431657929,216,2292
SPY,450,466.00643516426726,0.9656519010115708,call,0.049315068493150684,18,0.17808722649475262,2.0931031138270413,0.21137348698506547,0.016256302403997794,0.2891074000231525,2.0512410515505004,2.134965176103582,1322,7333
SPY,450,559.4144754977855,0.804412505771459,put,0.36712328767123287,134,0.15414799906988436,99.51272452830443,-0.9815562932901248,0.0010753421559962586,0.12323144037005529,97.52247003773834,101.50297901887052,300,7141
SPY,450,526.4119090303069,0.8548438822915997,call,0.4684931506849315,171,0.13560246644438945,1.505775054397418,0.08211523697194256,0.00363023152705108,0.46701430819700746,1.4756595533094696,1.5358905554853663,242,60
SPY,450,501.9629075223524,0.8964805830398166,call,0.2356164383561644,86,0.12689945255187746,0.7040543264712369,0.060328195684140884,0.004315937556841636,0.26131570744040095,0.6899732399418121,0.7181354130006616,605,9300
SPY,450,536.2038702878344,0.8392330323136978,put,0.0821917808219178,30,0.14198968430329192,84.00487090704883,-0.9999856941239197,3.437447542614922e-06,8.123558096339705e-05,82.32477348890785,85.6849683251898,162,1962
SPY,450,410.980361054526,1.09494283095512,call,0.4410958904109589,161,0.18369583394285255,52.962912122313696,0.8377433122281064,0.004472533810984499,0.7338562182302282,51.90365387986742,54.02217036475997,142,538
SPY,450,423.14037810085824,1.0634768584829775,call,0.473972602739726,173,0.14866998508869664,41.77111721143069,0.8116528522648725,0.005860103100371466,0.8361935648242099,40.93569486720208,42.6065395556593,1654,397
SPY,450,493.55792535026717,0.9117470855738866,put,0.16986301369863013,62,0.17014996515860104,41.242966935313575,-0.8772484574891328,0.006440903293484001,0.3769662728248345,40.4181075966073,42.06782627401985,1013,5384
SPY,450,388.5852323662147,1.1580470962826146,call,0.2273972602739726,83,0.14290306833601862,65.90565418042019,0.9907186023214214,0.0008142935723601462,0.053583714469955544,64.58754109681178,67.2237672640286,68,3653
SPY,450,523.2146866467295,0.8600676003268167,put,0.44931506849315067,164,0.15569464864329122,64.23430783096865,-0.8803958558391811,0.00424956399314225,0.6019966444019236,62.949621674349274,65.51899398758802,42,443
SPY,450,414.1627631466829,1.086529355225073,call,0.3095890410958904,113,0.15907818135199348,44.73554659748345,0.8763096232197906,0.005130308518425299,0.5116402549829554,43.84083566553378,45.630257529433116,73,60
SPY,450,380.51732383657156,1.1826005593197921,put,0.0684931506849315,25,0.14283472070054284,7.288821953975195e-06,-2.144128745249011e-06,6.115020249669683e-07,1.2114454445996292e-05,7.1430455148956905e-06,7.434598393054699e-06,430,7450
SPY,450,422.7145198494246,1.0645482444281658,call,0.08767123287671233,32,0.10746695267074874,29.223119258490385,0.982972362418363,0.0029483875344185084,0.056252475863949006,28.638656873320578,29.807581643660193,191,517
SPY,450,422.88420474430046,1.0641210878805352,call,0.273972602739726,100,0.15036666949568742,35.91070468444133,0.8420802030237008,0.006811160649842565,0.5682047597785587,35.1924905907525,36.628918778130156,85,17188
SPY,450,490.10109545580923,0.9181779109909681,call,0.2958904109589041,108,0.13933229028378477,3.349030558797864,0.18587152431751658,0.00784935215709449,0.655302022594377,3.2820499476219065,3.4160111699738214,3729,5503
SPY,450,559.5824213609883,0.8041710797589613,call,0.1095890410958904,40,0.18537618424782792,0.002085476691980559,0.00030015015006977757,4.0072026392421226e-05,0.0016484941018195325,0.0020437671581409475,0.0021271862258201704,3214,3252
AAPL,185,159.71326355621846,1.1583258389487527,call,0.038356164383561646,14,0.27299903810916964,25.600092707802844,0.9975348516389557,0.0007747249631754596,0.0027764336214746786,25.088090853646786,26.1120945619589,133,3215
AAPL,185,218.78405280650557,0.845582653885727,put,0.04657534246575343,17,0.2921506694868211,33.29235686531035,-0.9952262409949487,0.0011895489434943683,0.005539731491982636,32.626509728004145,33.95820400261656,958,851
AAPL,185,226.30128581374694,0.8174942503519879,put,0.057534246575342465,21,0.2738446463493934,40.65592538169173,-0.9986105745579636,0.00037445240571774385,0.0020191601530780597,39.84280687405789,41.46904388932557,912,499
AAPL,185,194.65546465142162,0.9503971559765245,put,0.22465753424657534,82,0.29484435590056707,14.674211074108015,-0.5846448454025972,0.015082036800483858,0.34191429582736615,14.380726852625855,14.967695295590175,319,13177
AAPL,185,172.83373070872003,1.0703929102345422,call,0.4876712328767123,178,0.233215300953157,21.435473714939846,0.7417787624123034,0.010727548307430024,0.4175688697782442,21.006764240641047,21.864183189238645,1037,1683
AAPL,185,164.2431516019253,1.1263787755874468,call,0.336986301369863,123,0.2524788456259702,25.91814685836121,0.8413985348210689,0.008922024559478572,0.2598029715148996,25.399783921193986,26.436509795528437,290,7033
AAPL,185,187.9669074657698,0.984215798909656,put,0.3835616438356164,140,0.26217331093175045,11.651556612145086,-0.45965147031428216,0.013213061480707368,0.45474775375000726,11.418525479902184,11.884587744387987,1303,7490
AAPL,185,174.1234263058985,1.0624647350724286,put,0.2465753424657534,90,0.2381155997510776,3.458504351775389,-0.24957248507960839,0.014514190561436865,0.29165791781771383,3.389334264739881,3.5276744388108967,44,900
AAPL,185,216.9600587838846,0.8526915093818248,put,0.08493150684931507,31,0.27923493715847064,31.217588668042993,-0.9689357734792332,0.004652014843677508,0.037759230324174144,30.593236894682132,31.841940441403853,240,3524
AAPL,185,162.81180941458712,1.13628121120448,put,0.07123287671232877,26,0.30622929254927544,0.3236782806241205,-0.04971435788112797,0.006789931961016255,0.050691611034899206,0.3172047150116381,0.33015184623660293,946,559
AAPL,185,214.9593715673293,0.8606277486350695,call,0.09315068493150686,34,0.28196158011447053,0.3205946089062035,0.0497813975855695,0.006455595978008568,0.058030429835659564,0.3141827167280794,0.3270065010843276,860,10483
AAPL,185,190.03200865116148,0.9735202049019087,call,0.3835616438356164,140,0.24697662385251862,10.62436983227488,0.5105345594500242,0.014093324532752074,0.456928166653202,10.411882435629382,10.836857228920378,1353,10662
AAPL,185,203.0376988363914,0.9111608388995471,put,0.1863013698630137,68,0.2562704673663245,18.91847247302161,-0.7585271936107134,0.015242314666101075,0.2490628704585912,18.540103023561176,19.29684192248204,1071,1862
AAPL,185,168.65109441649673,1.0969392202290036,call,0.136986301369863,50,0.23335278027647158,18.442608007470653,0.8837150441594692,0.012244349506582685,0.1339581971593117,18.07375584732124,18.811460167620066,470,3868
AAPL,185,183.22933250954446,1.009663668290465,put,0.25753424657534246,94,0.25961682848618767,7.6906497199477,-0.4064806849159592,0.015915908511195065,0.36420233027054877,7.536836725548746,7.844462714346655,35,6846
AAPL,185,209.99050269270103,0.880992224066095,put,0.4547945205479452,166,0.2744022380678885,26.72364120270224,-0.6805710721714022,0.01043803575905131,0.44582571008056815,26.189168378648194,27.258114026756285,161,1823
AAPL,185,160.7772504529076,1.1506603047312802,put,0.2876712328767123,105,0.28374302343087976,2.099219241876124,-0.1372532600643852,0.007799594567622586,0.21788990604052885,2.0572348570386016,2.1412036267136467,459,2976
AAPL,185,169.90740157027955,1.0888283752810948,put,0.07671232876712329,28,0.24749938840180746,0.5550740330252317,-0.0914805589550659,0.012961086194256354,0.08422172894019514,0.5439725523647271,0.5661755136857364,532,5947
AAPL,185,230.87848608560984,0.8012873054417116,put,0.11506849315068493,42,0.25774910844648674,44.593786475726745,-0.9923301172959061,0.001305823067449676,0.013255050621519014,43.70191074621221,45.48566220524128,439,7904
AAPL,185,220.97566572924734,0.837196255929253,call,0.336986301369863,123,0.2627912162529409,2.290803515651003,0.1640113800298844,0.008761515240014851,0.26554967206174196,2.244987445337983,2.3366195859640233,67,4337
AAPL,185,180.55935303066846,1.0245938351838095,put,0.3726027397260274,136,0.2733508204259728,8.550696801252727,-0.3666671319689916,0.012195235533232613,0.4251087801429515,8.379682865227672,8.721710737277782,925,5642
AAPL,185,164.88478209812453,1.121995599872308,put,0.4465753424657534,163,0.2393028131929261,2.9805108845848522,-0.1737656091630463,0.008674038387551802,0.3172541710966302,2.920900666893155,3.0401211022765495,406,7683
AAPL,185,170.81037653509728,1.0830723738963663,put,0.4465753424657534,163,0.26394811570391397,5.399583649507328,-0.25231953827898856,0.009786009382282095,0.3947865884257256,5.291591976517181,5.507575322497474,728,2900
AAPL,185,215.37146653918,0.8589810106825136,put,0.32054794520547947,117,0.24371121211293664,29.283571690895826,-0.820299907456449,0.010268694628960582,0.2745536380035762,28.697900257077908,29.869243124713744,64,8081
AAPL,185,167.17339640231245,1.1066354095886572,put,0.16712328767123288,61,0.25529279780650865,1.379532856041628,-0.13499002308965818,0.011244652025692877,0.16419692161237257,1.3519421989207954,1.4071235131624606,355,952
AAPL,185,175.35190899467815,1.055021305788092,put,0.41643835616438357,152,0.24713435419855084,5.913640244584059,-0.29248250987923374,0.011648230847430231,0.41028654064113107,5.795367439692377,6.03191304947574,4724,6876
AAPL,185,168.79645908002377,1.0959945546742447,put,0.25753424657534246,94,0.262432851054498,2.882423867408434,-0.19723468022125046,0.011267944374087723,0.2606401632118812,2.8247753900602652,2.940072344756603,226,4168
AAPL,185,155.21974389327582,1.1918586860135534,call,0.019178082191780823,7,0.25383386416609777,29.929025903235328,0.9999997645835147,1.8907840891592938e-07,3.150214546815495e-07,29.33044538517062,30.527606421300035,2653,7629
AAPL,185,224.93647148725697,0.822454441366484,put,0.10684931506849316,39,0.2787446967358302,38.86228218159809,-0.9793756067283363,0.0029482310741135186,0.03005268865733108,38.085036537966126,39.639527825230054,255,2365
AAPL,185,187.87579116732852,0.9846931254449529,put,0.14520547945205478,53,0.26502513085178697,8.263641843368916,-0.5121076895709296,0.021343208328049548,0.28110801149354925,8.098369006501537,8.428914680236295,143,420
AAPL,185,169.54189516520938,1.091175722789506,call,0.4575342465753425,167,0.2547814688047249,24.056931212709898,0.7658414798037503,0.0096194752213363,0.38378348371328214,23.5757925884557,24.538069836964098,1515,35
AAPL,185,224.81137402536092,0.8229121004310493,call,0.4876712328767123,178,0.24331388368390547,2.826181164542472,0.1791471959831123,0.008322722962574856,0.33798927849611843,2.7696575412516227,2.8827047878333216,2559,3193
AAPL,185,229.71063707191516,0.8053610505728663,put,0.4273972602739726,156,0.2706337592034243,42.310629424690234,-0.8447590013235211,0.00728748325709563,0.288492635237503,41.46441683619643,43.15684201318404,45,184
AAPL,185,203.2323967165306,0.9102879412382209,put,0.049315068493150684,18,0.23992277579399088,17.912470963456713,-0.9546054720370806,0.00968422749546139,0.039215662643566115,17.554221544187577,18.270720382725848,560,9314
AAPL,185,203.9116632191812,0.9072556080382054,call,0.21095890410958903,77,0.2384992256025979,2.576859537436164,0.23042294148198778,0.014998892823526068,0.25827804629643536,2.5253223466874406,2.628396728184887,1917,238
AAPL,185,176.5469705810197,1.0478797760797662,call,0.3041095890410959,111,0.2556238689597726,16.59866458266545,0.6950168549331392,0.013431204078389816,0.3573468209644872,16.26669129101214,16.93063787431876,1477,451
AAPL,185,206.77004844619321,0.8947137237245542,put,0.44931506849315067,164,0.2352759428908196,22.628919893107522,-0.6858505055229798,0.012161623172296892,0.44001097156225605,22.17634149524537,23.081498290969673,794,684
AAPL,185,160.4712830680623,1.152854245712824,put,0.4191780821917808,153,0.2592730825990777,2.5079038192191057,-0.14545036894604096,0.0073547035559819165,0.27356757884261185,2.4577457428347236,2.5580618956034877,979,3410
AAPL,185,155.22473848465762,1.1918203361527027,call,0.2,73,0.2523062797129501,31.717772630086557,0.9554583046905656,0.00450353063133124,0.07777761709980992,31.083417177484826,32.35212808268829,1291,1060
AAPL,185,197.7963895274577,0.9353052421329393,call,0.32602739726027397,119,0.2564519744512124,6.9316587947013915,0.3927303814951183,0.01419106653215579,0.40608657949847554,6.793025618807364,7.070291970595419,202,111
AAPL,185,170.03626211975572,1.0880032158652453,put,0.3589041095890411,131,0.2635583635163911,4.320294705394232,-0.23367981518473108,0.010487514782533043,0.3395246234743861,4.233888811286348,4.406700599502117,93,5756
AAPL,185,181.72134509332818,1.01804221130428,put,0.4273972602739726,156,0.24544234104489,8.386440303098453,-0.3726482264805104,0.0127484774707735,0.45770219600401524,8.218711497036484,8.554169109160423,795,4745
AAPL,185,207.75806327334797,0.8904588206359764,call,0.27945205479452057,102,0.2612618987238342,3.590258121158868,0.2514894851021407,0.012476320141650614,0.3117549465581118,3.5184529587356907,3.6620632835820457,559,759
AAPL,185,173.59886571133967,1.0656751658021668,put,0.16712328767123288,61,0.24595803305408487,2.4945193884281167,-0.22184119966323596,0.015993731584413515,0.22500451964560494,2.444629000659554,2.5444097761966793,616,6917
AAPL,185,201.9132593381846,0.9162350239225421,put,0.4712328767123288,172,0.29648255899180936,22.350548658053825,-0.584066026038365,0.010359378302865976,0.4953496752481311,21.903537684892747,22.797559631214902,1641,3073
AAPL,185,225.39463313168875,0.8207826310217075,call,0.18356164383561643,67,0.22077864197196173,0.16713544452410733,0.025972566109669186,0.003448331457960395,0.047829017175709906,0.16379273563362517,0.1704781534145895,179,2003
AAPL,185,167.76992741116425,1.102700602275454,put,0.40273972602739727,147,0.25697187817228684,3.9007674463368502,-0.21055479937392724,0.009567516426657761,0.3388853091601603,3.8227520974101132,3.9787827952635872,134,5388
AAPL,185,213.959919124203,0.8646479245143486,put,0.049315068493150684,18,0.254315180283113,28.45338208818214,-0.99384689105799,0.0016641262688775898,0.007143016576219746,27.884314446418497,29.02244972994578,1389,4082
AAPL,185,181.19394048339635,1.0210054459130902,put,0.3698630136986301,135,0.2203115922695486,6.540781757940962,-0.359361334100053,0.015083850698841748,0.42066263239917534,6.409966122782143,6.671597393099781,331,2477
AAPL,185,165.2763094497952,1.1193376752897313,put,0.4684931506849315,171,0.27971810076142206,4.626695002693765,-0.20985785350763547,0.00813353166089102,0.3647929487773929,4.53416110263989,4.71922890274764,98,2908
AAPL,185,210.64768020344528,0.878243709217806,put,0.043835616438356165,16,0.26924020367299856,25.23164306409174,-0.9873273935213371,0.0031399117311664503,0.01268317324850236,24.727010202809907,25.736275925373576,98,2205
AAPL,185,167.72548989395088,1.102992753915767,call,0.24383561643835616,89,0.27871754010088945,22.19521864883663,0.8077543183769942,0.010734917215508955,0.24969140837862241,21.751314275859897,22.63912302181336,2466,3807
AAPL,185,214.3233005185525,0.8631819291341393,put,0.043835616438356165,16,0.23265048840999136,28.858099917781942,-0.9984171788417647,0.0005687051797281331,0.001985005559260083,28.280937919426304,29.43526191613758,380,9730
AAPL,185,159.14563029250164,1.1624573019063065,put,0.3232876712328767,118,0.26273075286025643,1.6874188200582552,-0.11690373433244128,0.007105854210740817,0.2065664580754611,1.65367044365709,1.7211671964594204,225,1018
AAPL,185,159.81397528837178,1.1575958840031482,put,0.3506849315068493,128,0.23615614274163998,1.414081067978021,-0.107162404059235,0.00713256930754283,0.20216492501818795,1.3857994466184604,1.4423626893375814,164,2901
AAPL,185,176.84409025914204,1.0461192100279209,put,0.06301369863013699,23,0.2572893600294134,1.5376963565744433,-0.2179392633528604,0.02464716947013992,0.1367625866894202,1.5069424294429543,1.5684502837059322,385,22290
AAPL,185,186.08981766166318,0.9941435932639549,put,0.0684931506849315,25,0.25526399325831034,5.165793494958137,-0.5012986506853531,0.032279210603026603,0.19315371490969166,5.062477625058975,5.2691093648573,1006,907
AAPL,185,160.48285688884707,1.1527711033218575,call,0.1726027397260274,63,0.28520555378043433,26.87560775077978,0.9085561160004443,0.0074961318621134245,0.1262950524271974,26.338095595764184,27.413119905795373,1731,1177
AAPL,185,194.40719901964073,0.9516108504876389,put,0.03561643835616438,13,0.30542045905379933,10.306706255444055,-0.7883714998818337,0.027149909676966236,0.10107888889969578,10.100572130335173,10.512840380552937,2503,586
AAPL,185,167.59782143298557,1.1038329640458526,put,0.3424657534246575,125,0.2841297736502363,4.159797880743817,-0.21762199727111142,0.009565685183360066,0.3185616076537533,4.0766019231289405,4.242993838358693,376,1467
AAPL,185,164.05042566060615,1.1277020419485844,put,0.2191780821917808,80,0.2572162826063223,1.4612451229021062,-0.12522793342117428,0.009252138617848182,0.1785176526177067,1.432020220444064,1.4904700253601484,745,1400
AAPL,185,218.88898772048708,0.8451772833644695,call,0.4520547945205479,165,0.25030600821968313,3.5752994431502643,0.2173877037016126,0.009445056345809505,0.36577192167813594,3.503793454287259,3.6468054320132697,1345,1061
AAPL,185,176.94697209893198,1.0455109675262797,put,0.07397260273972603,27,0.24519914938242263,1.6547314200433334,-0.22477440784905817,0.024295256239764328,0.1508185633908254,1.6216367916424668,1.6878260484442,860,6698
AAPL,185,164.81386888593158,1.1224783524015163,put,0.2684931506849315,98,0.2599448851559226,2.106322535650609,-0.15272766179733588,0.009469717905654255,0.2262012426358572,2.0641960849375964,2.148448986363621,1344,562
AAPL,185,199.7909570056023,0.925967835445187,call,0.4383561643835616,160,0.25826330418478355,8.393991385204131,0.40666039931374054,0.012264590757838248,0.4752108406892551,8.22611155750005,8.561871212908214,192,9680
AAPL,185,207.66174803530527,0.890871822809406,put,0.2493150684931507,91,0.25369951011414316,22.98031912668688,-0.7735121105590026,0.012845416813759199,0.27807363515868533,22.52071274415314,23.43992550922062,718,1821
AAPL,185,209.0259080668602,0.8850577505484385,call,0.16712328767123288,61,0.24673713373426798,1.281806231516203,0.1406862911475837,0.011967327767918978,0.16889318612483334,1.256170106885879,1.3074423561465272,524,7119
AAPL,185,159.28459516338216,1.161443137738718,call,0.40821917808219177,149,0.27658044707498136,31.612891338494563,0.8533223179640963,0.007025953280290617,0.27149609828151816,30.980633511724673,32.24514916526446,2291,5260
AAPL,185,160.91284522401423,1.1496906896553405,call,0.4246575342465753,155,0.27457601735693676,30.53777781170149,0.838357061020134,0.0073995624102512455,0.2952914887966721,29.92702225546746,31.148533367935517,117,2962
AAPL,185,187.98075280884234,0.9841433084807705,call,0.28493150684931506,104,0.2321522423704497,8.988033986365451,0.5191186678050541,0.017381855026604737,0.39350743092415724,8.808273306638142,9.16779466609276,3763,586
AAPL,185,190.91465606831005,0.9690193713247779,put,0.07945205479452055,29,0.2462512130444865,8.174179372544586,-0.6411203034036356,0.029102961043209735,0.19487859808528107,8.010695785093693,8.337662959995479,1346,12509
AAPL,185,202.84755604908545,0.9120149318201958,put,0.4931506849315068,180,0.26741626456311224,21.686493933775438,-0.6045844405856895,0.011086255359955392,0.5003752191788169,21.252764055099927,22.12022381245095,18,16458
AAPL,185,169.62075781971416,1.0906683968281292,call,0.3506849315068493,128,0.27449515085737597,22.814959685924563,0.7651813210276843,0.010214431772926665,0.33651889226531445,22.35866049220607,23.271258879643057,760,5040
AAPL,185,188.78766905675766,0.9799368831890237,put,0.33972602739726027,124,0.25885048002885,11.44945677227075,-0.4785905218441987,0.01427246438141191,0.429556425764651,11.220467636825335,11.678445907716165,305,236
AAPL,185,180.15942048644052,1.0268683119677542,call,0.15342465753424658,56,0.288778796933484,11.683624965034412,0.6401185076077702,0.01787616189051055,0.2710679686277774,11.449952465733723,11.9172974643351,1740,385
AAPL,185,207.73898514025927,0.8905405977365944,call,0.22465753424657534,82,0.2772156070092269,3.092571332157412,0.23236211059578266,0.012563093615132937,0.26778035794730376,3.030719905514264,3.1544227588005604,4512,4919
AAPL,185,182.71124778034837,1.0125266082272237,call,0.18082191780821918,66,0.2851517630686803,10.953665637325557,0.5940035775238922,0.017288270150052625,0.30508589493507615,10.734592324579046,11.172738950072068,335,2803
AAPL,185,203.9442441572899,0.9071106701953336,put,0.14794520547945206,54,0.29418038865276075,20.08856391200169,-0.7702399539891231,0.014497091261952616,0.21594290647651715,19.686792633761655,20.490335190241723,1780,4568
AAPL,185,218.68305078365265,0.8459731988238268,put,0.3863013698630137,141,0.2787382120420819,33.25916558345395,-0.7785743733401098,0.009272659514244866,0.34172010255443547,32.59398227178487,33.92434889512303,2029,334
AAPL,185,156.4707250201173,1.1823297934883008,put,0.03287671232876712,12,0.2096100886516378,5.719561579687216e-06,-3.928093244915972e-06,2.611544991857257e-06,6.159444301399129e-06,5.605170348093472e-06,5.83395281128096e-06,2415,3122
AAPL,185,216.37186236190178,0.8550095099268062,put,0.4136986301369863,151,0.27443179314610766,31.35850244398148,-0.752376138141325,0.009682011377236078,0.3762075886081273,30.731332395101848,31.98567249286111,180,935
AAPL,185,156.88026007575738,1.1792433280685768,put,0.11506849315068493,42,0.2962425401925711,0.313460343847316,-0.04021655387704163,0.004655677138799967,0.05431629783619503,0.3071911369703697,0.31972955072426235,1128,706
AAPL,185,207.01066138886986,0.8936737787261942,call,0.2191780821917808,80,0.27281701641697326,3.0144638719076156,0.23254923230488744,0.012930019394136962,0.264613020818514,2.954174594469463,3.074753149345768,3532,1523
AAPL,185,203.60378570828306,0.908627505900416,call,0.2602739726027397,95,0.2577249859849179,4.068140003695369,0.286362649181347,0.013988862306859492,0.32115383891866367,3.9867772036214615,4.149502803769276,522,11104
AAPL,185,230.9127481649609,0.8011684130485448,put,0.1780821917808219,65,0.2988133898299742,44.35434074639804,-0.9478505196716697,0.004571671909029379,0.08326050842290816,43.467253931470076,45.241427561326,926,11896
AAPL,185,206.57865605249168,0.8955426641607711,call,0.3013698630136986,110,0.2297079509145055,3.175841923087148,0.24436275227751902,0.01345634137222125,0.3188205461567613,3.112325084625405,3.2393587615488912,593,3215
AAPL,185,178.51164155781908,1.0363469765084166,put,0.14520547945205478,53,0.25106391178555737,3.704493230165788,-0.3096289349424703,0.019922612245155923,0.24857476385407068,3.630403365562472,3.778583094769104,50,8958
AAPL,185,162.62737695260572,1.1375698450446896,call,0.27671232876712326,101,0.2820073300398131,26.890215808566126,0.8499729168640365,0.008496844374218411,0.226929014374095,26.352411492394804,27.428020124737447,246,2527
AAPL,185,226.2290971878048,0.8177551088683418,put,0.03561643835616438,13,0.2521177649647233,40.826611257352965,-0.9999845850348443,7.679635325477574e-06,2.3601412243685636e-05,40.01007903220591,41.64314348250002,91,4799
AAPL,185,218.7962908741252,0.8455353573906406,call,0.1506849315068493,55,0.26549235388273684,0.5329675242659704,0.06636648340638886,0.006758420414348243,0.09253595339976912,0.522308173780651,0.5436268747512898,680,6057
AAPL,185,154.53668730181306,1.1971267355996282,call,0.2219178082191781,81,0.2846337217998626,32.95023219442314,0.9321052785512363,0.005286830158733001,0.11429239186642842,32.29122755053467,33.6092368383116,321,2509
AAPL,185,190.9714339351033,0.9687312714155325,call,0.2191780821917808,80,0.259222051106321,7.232873526437189,0.45589190677546443,0.017660481213455054,0.34341167441496345,7.088216055908445,7.377530996965932,936,1850
AAPL,185,163.7869448753512,1.1295161536885179,put,0.29315068493150687,107,0.27509165879112835,2.5051883692282146,-0.16094840154531187,0.00886431888347326,0.2446567278788298,2.4550846018436503,2.555292136612779,1721,7
AAPL,185,175.42852360444084,1.0545605480733629,call,0.2493150684931507,91,0.27030611421250206,16.624039496365853,0.7100226514583251,0.013708637435367462,0.31618564180302333,16.291558706438536,16.95652028629317,925,5801
AAPL,185,218.72911038772628,0.8457950552263621,call,0.4520547945205479,165,0.27226884027900483,4.4325105663758535,0.24200123137191515,0.009221026918521193,0.3884291083491854,4.343860355048337,4.52116077770337,1086,484
AAPL,185,178.13664318547504,1.0385286075441473,put,0.4712328767123288,172,0.25026450622396496,7.554629065057661,-0.3288461756875584,0.011378547723842414,0.45926688775359836,7.403536483756508,7.705721646358814,387,6928
AAPL,185,191.6959132461461,0.9650701304333587,call,0.09041095890410959,33,0.25415677787667346,3.2776634404671725,0.3564806058273269,0.026371692870221588,0.20739784403520678,3.212110171657829,3.343216709276516,1039,10948
AAPL,185,177.97412251917953,1.0394769609276389,call,0.4,146,0.26712506053470403,18.095428011025945,0.6671394117247555,0.01162689090269128,0.42518866586739656,17.733519450805424,18.457336571246465,167,942
AAPL,185,175.33038263469055,1.0551508370654537,put,0.3315068493150685,121,0.25880063540517906,5.494481401131736,-0.29252807055067986,0.012467756162120558,0.3660914624693667,5.3845917731091015,5.604371029154371,755,8830
AAPL,185,154.6169510815789,1.1965052906934532,call,0.01643835616438356,6,0.2640732969891198,30.510079184130262,0.9999999535386871,4.091592897781234e-08,6.078812481435676e-08,29.899877600447656,31.12028076781287,595,440
AAPL,185,192.75903310378524,0.9597474993578764,call,0.2876712328767123,105,0.2488566004027085,7.672362419972487,0.4469730495512694,0.016013333794766025,0.39234742977044496,7.5189151715730365,7.825809668371937,1650,1217
AAPL,185,187.50447593222583,0.9866431138788864,put,0.4273972602739726,156,0.2703909104696183,12.261014044927961,-0.4470153393926588,0.012091421824039569,0.47823862736625544,12.015793764029402,12.50623432582652,1909,2586
AAPL,185,222.61106080130864,0.8310458578925763,call,0.21095890410958903,77,0.27121544789549046,0.9187965676932635,0.09033195348345802,0.007065837247977824,0.13836280882664218,0.9004206363393982,0.9371724990471287,1978,4461
AAPL,185,207.7457396485141,0.8905116432856928,call,0.09863013698630137,36,0.2639854993391702,0.6783164316258805,0.09718680813169195,0.01120583988643813,0.09985678463181212,0.6647501029933629,0.6918827602583981,1424,520
AAPL,185,160.05387317068306,1.1558608132070265,put,0.44931506849315067,164,0.2668959977659514,2.857821064969869,-0.15276244053724136,0.007130713012953339,0.2926641048920414,2.8006646436704714,2.9149774862692666,462,139
AAPL,185,193.27412518756407,0.9571896901381165,call,0.4273972602739726,156,0.23139144463533728,9.309424770582751,0.4711687020756767,0.01421801816402329,0.48123981694514983,9.123236275171097,9.495613265994406,1037,229
AAPL,185,167.45677175952886,1.1047627280529662,put,0.13972602739726028,51,0.24964091884488074,1.0310815433303695,-0.11718083440606414,0.011394517036849353,0.1360292999156647,1.010459912463762,1.051703174196977,415,3641
AAPL,185,194.41674798151655,0.9515641112235258,put,0.4575342465753425,167,0.2423893311266695,14.923435908589724,-0.5324014208766529,0.013109239016591116,0.4975744202271216,14.624967190417928,15.22190462676152,906,533
AAPL,185,162.44374456333458,1.138855795877514,put,0.3835616438356164,140,0.256229747215923,2.535588195311803,-0.15396829638449344,0.00808100791343073,0.27181518074884325,2.4848764314055667,2.586299959218039,1843,4340
AAPL,185,180.6860522157344,1.023875377935176,call,0.0958904109589041,35,0.23559858294670524,8.293679220554765,0.6648033185592722,0.02699874107131417,0.20875400895556825,8.12780563614367,8.45955280496586,259,18960
AAPL,185,182.66822501748356,1.0127650826097054,put,0.13424657534246576,49,0.2594386020850097,5.3127372056327005,-0.4006827411851913,0.021979019260858774,0.26199293345785635,5.2064824615200465,5.4189919497453545,104,1171
AAPL,185,158.08521283668293,1.1702549320101343,call,0.1506849315068493,55,0.22669349146519652,28.279288689611775,0.9723341457358029,0.003907386390429119,0.045681325051325945,27.71370291581954,28.84487446340401,1804,2313
AAPL,185,194.75294979112806,0.9499214271127185,call,0.10684931506849316,39,0.24665614728428034,2.697092790050654,0.29783595254920514,0.02323366211054795,0.20956792440291036,2.6431509342496406,2.751034645851667,587,26351
AAPL,185,181.701669798915,1.018152448487321,put,0.09041095890410959,33,0.22056810325108267,3.0564946369044605,-0.35473353168070243,0.030334924320802297,0.20703804427814393,2.995364744166371,3.11762452964255,1485,19587
AAPL,185,186.65160931084074,0.991151379208897,put,0.3972602739726027,145,0.22093810596032684,9.235230084090077,-0.44099781148007505,0.01531600264603224,0.46008137645162633,9.050525482408275,9.419934685771878,184,1417
AAPL,185,162.9353465396346,1.1354196859611312,call,0.3698630136986301,135,0.2388884363156658,27.123072450434478,0.8586116273482098,0.00833682751686134,0.2521043299758291,26.580611001425787,27.66553389944317,195,3540
AAPL,185,172.74303059657888,1.0709549286074866,put,0.0684931506849315,25,0.23785342696380532,0.6810532190905825,-0.1175404081473913,0.017118262729134998,0.09544643277809278,0.6674321547087708,0.6946742834723941,1776,3935
AAPL,185,213.60198500923212,0.8660968201770414,call,0.07671232876712329,28,0.24960470220305878,0.10914077791682786,0.023328453965064236,0.00431166891723039,0.028255746871747815,0.1069579623584913,0.11132359347516442,5091,10614
AAPL,185,176.2975335790143,1.049362383263776,put,0.4273972602739726,156,0.26499846173844177,7.104710007169707,-0.3127419457131823,0.011049613056142176,0.428317297350934,6.962615807026313,7.246804207313102,618,6561
AAPL,185,215.31816264434894,0.8591936589463339,call,0.024657534246575342,9,0.3134473425193657,0.0030483001507262963,0.0012079696396548767,0.00043969537227408844,0.0011630800024252273,0.0029873341477117702,0.0031092661537408224,141,4494
AAPL,185,177.9448028159972,1.0396482340161302,call,0.1589041095890411,58,0.22291421098330672,11.506545190302674,0.7161401904699165,0.020612545295704107,0.2498894751862578,11.276414286496621,11.736676094108727,613,193
AAPL,185,168.43538763587517,1.0983440154508048,put,0.024657534246575342,9,0.24406609286500605,0.0144228102956796,-0.00622873514510481,0.002478935183328443,0.0051058226081115675,0.014134354089766007,0.014711266501593193,35,17467
AAPL,185,156.82686095330803,1.1796448572357763,put,0.4328767123287671,158,0.2809367529065525,2.5344086067327822,-0.13493874288555563,0.0063474489393712,0.264189439680383,2.4837204345981267,2.5850967788674377,98,7024
AAPL,185,185.59903200388518,0.9967724400422916,call,0.29041095890410956,106,0.30371228640475767,13.065068395972034,0.559933896847684,0.013026606734602805,0.3932331490141976,12.803767028052594,13.326369763891474,488,3579
AAPL,185,185.56966323667353,0.9969301920004727,put,0.2356164383561644,86,0.2693669102230865,8.820778526011892,-0.4475070526425028,0.016349703690993134,0.3551429309766087,8.644362955491655,8.99719409653213,1757,7230
AAPL,185,179.71431785852366,1.0294115805822293,put,0.3095890410958904,113,0.25546708989225553,6.727733996806435,-0.35052563469815534,0.014093125082839619,0.3814795864639822,6.593179316870306,6.862288676742565,1923,2891
AAPL,185,162.45348076658738,1.1387875416828241,put,0.273972602739726,100,0.26025448118111705,1.7565848636511667,-0.13077756495941928,0.008428900357550633,0.20569310229454849,1.7214531663781434,1.79171656092419,64,10747
AAPL,185,188.9051179770417,0.9793276221477689,put,0.04657534246575343,17,0.26925960751692407,6.280025115846058,-0.6142239600350012,0.0355781614606077,0.1527053398378556,6.154424613529137,6.405625618162979,1163,6413
AAPL,185,171.77137574382672,1.0770129726148432,put,0.12602739726027398,46,0.27155865344904684,1.9341092123640777,-0.18857678067208722,0.015145240656132914,0.1773978079798419,1.8954270281167962,1.9727913966113593,355,2221
AAPL,185,164.91722429495564,1.121774883071802,put,0.4273972602739726,156,0.2633659357805581,3.622569231415163,-0.19007750993094397,0.008521497986530114,0.3282847723674597,3.5501178467868595,3.6950206160434664,8,30644
AAPL,185,172.7795576781381,1.0707285195429583,put,0.32054794520547947,117,0.28982279437276937,5.620594389580084,-0.2755218674665163,0.011002063976495656,0.34981881119854136,5.5081825017884825,5.733006277371686,349,72
AAPL,185,168.9269692600239,1.095147807424612,call,0.07945205479452055,29,0.24486014801998837,17.21484504382252,0.9205728887148386,0.011580006434931761,0.07710374961942683,16.87054814294607,17.559141944698972,1400,7325
AAPL,185,173.96763271950067,1.063416206268022,call,0.3589041095890411,131,0.2585419733548127,19.457030611004726,0.7224968750283345,0.011696572286649604,0.3714595741164197,19.06788999878463,19.84617122322482,1870,4754
AAPL,185,221.43969938713556,0.8354418855878717,put,0.03561643835616438,13,0.24314529864263668,36.04581802925239,-0.9999424738000833,2.7708482157751543e-05,8.212446578760845e-05,35.32490166866734,36.76673438983744,522,341
AAPL,185,196.90733851784768,0.9395282135877917,put,0.019178082191780823,7,0.274036405886985,11.879687726014907,-0.9451380083489184,0.01581332115652032,0.028443300297215025,11.642093971494608,12.117281480535206,1651,14752
AAPL,185,223.18019738873772,0.8289265901031755,put,0.1780821917808219,65,0.2485121687270912,36.585442064567616,-0.9507061426078498,0.005255936135300022,0.07960891187788689,35.853733223276265,37.317150905858966,1582,6139
AAPL,185,225.5848854779428,0.8200904045855896,put,0.04657534246575343,17,0.2702164205816016,40.06135993095057,-0.9995689241547632,0.00014357830365473122,0.0006184435557320274,39.26013273233156,40.86258712956958,349,1322
AAPL,185,202.76154659987338,0.9124017995634854,call,0.3835616438356164,140,0.24079104965755718,5.773551394382132,0.3403253776918656,0.01328608194688735,0.41996770476218154,5.658080366494489,5.8890224222697745,2365,1939
AAPL,185,186.76025376395077,0.9905747945375166,call,0.18904109589041096,69,0.24129031087940972,7.737699994351729,0.5208491966221614,0.020527058562325753,0.32045443567145093,7.582945994464694,7.892453994238764,1022,19311
AAPL,185,177.6459483233805,1.0413972384173515,call,0.15616438356164383,57,0.28272956385307746,13.156662275688205,0.6875097352887394,0.017127472875731086,0.2588153079655051,12.893529030174442,13.41979552120197,2195,3496
AAPL,185,188.82562668035447,0.9797398968158568,put,0.038356164383561646,14,0.24194795884638137,5.528548377967169,-0.6434851501511102,0.04253293641887109,0.1350908572208457,5.4179774104078255,5.639119345526513,980,372
AAPL,185,172.40625920871327,1.073046888489361,call,0.049315068493150684,18,0.22418024925231667,13.299548278092828,0.9319655148506611,0.01426199304860689,0.05396356907518543,13.033557312530972,13.565539243654685,1629,4020
AAPL,185,183.51937359902843,1.0080679569243005,call,0.1726027397260274,63,0.24626122976810322,9.113092008765605,0.58474553647745,0.020600104861874986,0.2996792111222535,8.930830168590292,9.295353848940918,1275,2566
AAPL,185,214.2568455804411,0.8634496578105513,call,0.10410958904109589,38,0.2669460494056076,0.3577150115902459,0.05468066661983208,0.00694909927531288,0.06609767800117662,0.35056071135844097,0.3648693118220508,316,2574
AAPL,185,219.95024818619578,0.8410993009809694,put,0.26575342465753427,97,0.24296770972695178,33.248898880408916,-0.8874074452552605,0.008251307908564758,0.18234492485698436,32.583920902800735,33.9138768580171,1255,4500
AAPL,185,159.7181100892984,1.158290690370469,call,0.25205479452054796,92,0.27837376707113787,28.78752711134814,0.8871450052528711,0.007407249877153859,0.17787860779027917,28.211776569121177,29.363277653575103,2672,8764
AAPL,185,217.14329409256,0.8519719698142806,call,0.3863013698630137,141,0.24375949794971094,2.853214306840499,0.1965063517382462,0.009882866409395579,0.3185034761684459,2.796150020703689,2.9102785929773094,2014,4240
AAPL,185,159.08779182289715,1.1628799286242488,put,0.1506849315068493,55,0.27923395389017813,0.5915565753032546,-0.06477841414471369,0.006306273655162148,0.09081431686151202,0.5797254437971895,0.6033877068093196,2753,5621
AAPL,185,218.57043597724103,0.8464090725392678,call,0.4410958904109589,161,0.258771883791567,3.8052369912226496,0.22482391983215283,0.009428585336636097,0.3683325434122692,3.7291322513981964,3.881341731047103,2661,9297
AAPL,185,172.84241998114902,1.0703390985857346,call,0.4904109589041096,179,0.2657203060188903,22.86106058202462,0.7224422448614829,0.00973679068921352,0.43425437383568954,22.403839370384127,23.318281793665115,201,1631
AAPL,185,217.17686822662156,0.8518402604781768,call,0.4904109589041096,179,0.24478390074211592,4.1259390192155365,0.23987594462536943,0.009800001730145122,0.4026360222310754,4.043420238831226,4.208457799599847,353,556
AAPL,185,166.25783037315608,1.1127295453379742,put,0.39452054794520547,144,0.20995043034289607,2.0565915602876075,-0.15255879144071227,0.00966528363931223,0.27399614784661525,2.0154597290818552,2.0977233914933597,566,3059
AAPL,185,209.38187209929885,0.8835530896020655,put,0.29863013698630136,109,0.2581300849472624,24.75386094561381,-0.7584368406280355,0.011954744568178207,0.31539587994186535,24.258783726701534,25.248938164526084,1958,1029
AAPL,185,181.22548172307097,1.020827745861351,call,0.28493150684931506,104,0.24362883774316296,12.932135478145028,0.630464593051961,0.01568729287044277,0.37270106143488113,12.673492768582127,13.190778187707929,2038,6555
AAPL,185,174.6790419199108,1.0590852684251686,call,0.28493150684931506,104,0.26408187610845946,17.698200320615783,0.7186320222282865,0.012938607311152305,0.333203888107421,17.344236314203467,18.0521643270281,1402,183
AAPL,185,193.13206880647968,0.9578937415379313,put,0.03287671232876712,12,0.2786498068905255,8.923994239870012,-0.7862967436605561,0.031150351029791367,0.09766827781120353,8.745514355072611,9.102474124667413,3672,268
AAPL,185,172.4334707273105,1.0728775522506442,put,0.1589041095890411,58,0.2716670624998521,2.645062478037417,-0.21855520600235284,0.014723397531874433,0.2175322294725794,2.5921612284766686,2.6979637275981654,865,446
AAPL,185,226.38200010888775,0.8172027807467759,call,0.04657534246575343,17,0.22883282911133385,6.022296626477953e-05,2.9624980950413827e-05,1.3750628195532469e-05,5.015801984484119e-05,5.901850693948394e-05,6.142742559007512e-05,1164,1384
AAPL,185,158.87636027288815,1.1644274811069535,put,0.01643835616438356,6,0.26471242920410104,3.852489043111931e-06,-2.998044972870469e-06,2.2584355617187375e-06,3.3634415110884054e-06,3.7754392622496924e-06,3.92953882397417e-06,1235,14864
AAPL,185,227.67304904499048,0.8125687286045092,put,0.3698630136986301,135,0.2796369395955418,40.81441153034899,-0.8477119490419422,0.007485817336665578,0.2649830697116526,39.99812329974201,41.63069976095597,310,6452
AAPL,185,160.72158845115305,1.1510588078603126,put,0.3452054794520548,126,0.21313164724738726,1.0562408175828963,-0.09276913719167579,0.007169001017915148,0.18052099601060717,1.0351160012312384,1.0773656339345543,506,7183
AAPL,185,188.39726313433079,0.9819675558030349,put,0.0547945205479452,20,0.2537675694385617,6.00724010700587,-0.5911528203869659,0.035350488312915866,0.1682333625241402,5.887095304865753,6.127384909145988,1945,4282
AAPL,185,222.74289799471796,0.8305539779965825,put,0.4904109589041096,179,0.29365985355083485,37.433820720188436,-0.7519871721638784,0.008317279456648645,0.40994868250940014,36.68514430578467,38.182497134592204,458,1002
AAPL,185,189.89881007263588,0.9742030501888763,put,0.4301369863013699,157,0.25397189714107404,12.74154032820391,-0.47787211946289304,0.01292648768753528,0.4832996100459815,12.486709521639833,12.996371134767989,1026,4227
AAPL,185,180.0947581825868,1.027237004935147,put,0.3315068493150685,121,0.28302317840003977,8.23970575407786,-0.36388136238208507,0.012455383115032869,0.39995861615501205,8.074911638996303,8.404499869159418,794,10570
AAPL,185,172.85971045736053,1.070232036780104,call,0.44931506849315067,164,0.25873423604591594,21.839604238643105,0.728279822726952,0.010338036564364947,0.41132622823566456,21.402812153870244,22.276396323415966,344,1160
AAPL,185,214.8836265000413,0.8609311142650715,call,0.2958904109589041,108,0.26530923038828963,2.684465754970603,0.19409370769276824,0.01029745835471449,0.2766666120297743,2.6307764398711906,2.738155070070015,1238,13853
AAPL,185,177.65968416782363,1.0413167222859772,put,0.2273972602739726,83,0.2565506362497456,4.898433385248893,-0.3138243299554354,0.01567061158973561,0.3128871497981406,4.800464717543915,4.996402052953871,3165,14299
AAPL,185,166.05692102275557,1.1140758172593634,put,0.273972602739726,100,0.24970118525075902,2.153887603896294,-0.15946110805705327,0.01004057279057811,0.23508757987992493,2.110809851818368,2.19696535597422,786,16452
AAPL,185,222.82659318584595,0.8302420162467004,put,0.057534246575342465,21,0.2494892318721455,37.19024075547961,-0.9987803216234716,0.00036484674386369205,0.0017923885778406117,36.446435940370016,37.9340455705892,2264,9392
AAPL,185,199.77132863806827,0.9260588156530213,call,0.23835616438356164,87,0.2435894210963162,4.179089407481264,0.3133916274945313,0.016111005395819385,0.3201480871912485,4.095507619331639,4.262671195630889,3998,3746
AAPL,185,159.1304238932732,1.1625683855657747,call,0.27123287671232876,99,0.23879227590545488,28.935895788925308,0.9165840591819646,0.006668662370715197,0.14782394619889128,28.3571778731468,29.514613704703816,2944,2057
AAPL,185,169.72594346877278,1.089992467969621,call,0.16712328767123288,61,0.2737206757872365,18.87636576612715,0.8161266411827551,0.012845423870316954,0.20111129868931768,18.49883845080461,19.253893081449693,62,5855
AAPL,185,171.92691414131326,1.0760386232951373,put,0.3232876712328767,118,0.23392129442417922,3.516645574524489,-0.2299400649026223,0.012338749232676824,0.3193548352475959,3.446312663033999,3.5869784860149787,359,7158
AAPL,185,196.45174049742243,0.9417071059364186,call,0.3452054794520548,126,0.2512555375681865,7.541676096191836,0.4144468609855227,0.014270569808127046,0.42362159788762455,7.390842574267999,7.692509618115673,3278,4849
AAPL,185,157.92203761243195,1.171464114805953,put,0.22465753424657534,82,0.21862257038385635,0.3758171488557718,-0.04576055245822266,0.00501158379639355,0.08424311890189692,0.3683008058786563,0.38333349183288723,822,9974
AAPL,185,186.39172163384325,0.992533350614266,call,0.30684931506849317,112,0.2812286727298565,12.17857130317465,0.551031606604836,0.01372914525651587,0.405482123448789,11.934999877111157,12.422142729238143,147,26472
AAPL,185,183.00649844483615,1.010893064301565,call,0.27123287671232876,99,0.2517762087422483,11.948079300414548,0.5993296636727579,0.01593327865187669,0.3723965321058869,11.709117714406258,12.187040886422839,614,12590
AAPL,185,212.53663090305494,0.8704381885322379,put,0.29041095890410956,106,0.2663540131252525,27.489603087538484,-0.7863365449516118,0.01096359577557506,0.2902476533165474,26.939811025787712,28.039395149289255,13,71
AAPL,185,163.46270187318316,1.131756650783405,put,0.09041095890410959,33,0.2604153699509661,0.28809800458787826,-0.04671702298389642,0.006743223906399044,0.054337383972848964,0.2823360444961207,0.2938599646796358,3412,2494
AAPL,185,162.04065947798998,1.1416887625363472,put,0.273972602739726,100,0.27206851275832444,1.9355127287661134,-0.13612678088297597,0.008288319577365434,0.2114439985445383,1.896802474190791,1.9742229833414358,284,5116
AAPL,185,173.44180488760585,1.0666401916186476,put,0.2410958904109589,88,0.28468033494211786,4.56010283187473,-0.26839956286072353,0.012748036710996571,0.2994567025610822,4.468900775237235,4.651304888512224,923,9021
AAPL,185,166.1027637652585,1.113768343201367,put,0.4383561643835616,160,0.2656448927158157,4.079743867698511,-0.2046321506257029,0.008722876909693915,0.3476416397218797,3.9981489903445406,4.161338745052481,1633,235
AAPL,185,164.70332689894246,1.123231712942332,call,0.2958904109589041,108,0.26863381483764354,25.270361490025635,0.833872817437489,0.00922303766875513,0.25090482307276224,24.76495426022512,25.77576871982615,292,1410
AAPL,185,192.48662095043358,0.9611057593849007,call,0.30684931506849317,112,0.2671991380405343,8.919025474747656,0.4640001380961335,0.014510008632216126,0.4071658435561835,8.740644965252702,9.09740598424261,0,11582
AAPL,185,214.73604399491626,0.8615228098566432,call,0.43561643835616437,159,0.260241788344945,4.5019039237554495,0.2562019352225472,0.010130231018851632,0.3930466516400584,4.4118658452803405,4.591942002230558,1431,2323
AAPL,185,193.3158132760937,0.956983274491792,put,0.3315068493150685,121,0.265526858288562,14.180450481255804,-0.5409169480290006,0.014031087955219628,0.4227034248911759,13.896841471630687,14.46405949088092,2506,15072
AAPL,185,179.46371759947115,1.0308490344153283,put,0.057534246575342465,21,0.23862108106594956,1.8108099169710457,-0.27102755257548355,0.03128550023456776,0.14700151122628952,1.7745937186316247,1.8470261153104666,852,2685
AAPL,185,162.43620348670578,1.1389086670887436,put,0.0136986301369863,5,0.27623066201491114,3.2853365491788966e-05,-2.4481756940863513e-05,1.7532443175871388e-05,2.270570133339783e-05,3.2196298181953184e-05,3.351043280162475e-05,2098,18320
AAPL,185,228.11128170309752,0.8110076740561661,call,0.1726027397260274,63,0.2560336981872519,0.24772127007640243,0.033252478962948834,0.003764695133720603,0.05694008140717998,0.2427668446748744,0.2526756954779305,564,6349
AAPL,185,180.42974050808402,1.0253298568132188,call,0.4191780821917808,153,0.2656261084001254,16.987447809211602,0.6380723027460018,0.011780456346553135,0.4489261430130535,16.64769885302737,17.327196765395833,395,9152
AAPL,185,215.73696431880074,0.8575257401259255,call,0.13972602739726028,51,0.2890907081393948,0.8643542409429941,0.09616995116784505,0.008531029492267589,0.1179387022669917,0.8470671561241342,0.881641325761854,646,3441
AAPL,185,209.7810009261452,0.8818720436229136,call,0.3835616438356164,140,0.24816528457206855,4.327693810300538,0.26885421991152325,0.011603966052907226,0.37802986076204204,4.241139934094527,4.414247686506549,350,4504
AAPL,185,227.51761626387267,0.8131238496514435,call,0.19726027397260273,72,0.2775589055174575,0.5866929034484958,0.062209445518958795,0.005373083231747436,0.10068431579252542,0.5749590453795259,0.5984267615174657,526,8326
AAPL,185,163.0918158438511,1.1343303711642063,put,0.4602739726027397,168,0.25276751802186087,3.1210619652946434,-0.16980279740595033,0.007970545244459318,0.31737240982655046,3.0586407259887505,3.1834832046005364,1486,2173
AAPL,185,163.7291094168872,1.1299151425111147,put,0.10410958904109589,38,0.2619330477692794,0.4230567857919425,-0.060683550593480164,0.007686673863845125,0.0717402589788176,0.41459565007610366,0.43151792150778134,342,13368
AAPL,185,193.36707345513807,0.9567295853134,call,0.18082191780821918,66,0.27429585992848826,5.839498538209966,0.4038443218216009,0.017948494733971736,0.3046785025980902,5.722708567445767,5.956288508974166,0,2694
AAPL,185,183.34911132091383,1.0090040724342353,call,0.2876712328767123,105,0.23334689320359658,11.417189750088625,0.5983676884354416,0.01670364704154789,0.38375426831302667,11.188845955086851,11.645533545090398,362,1811
AAPL,185,207.36035910032413,0.89216666484694,call,0.2465753424657534,90,0.27099980961987424,3.3942270637140552,0.2454083266929345,0.01263883455035776,0.2890474326544792,3.326342522439774,3.4621116049883365,212,1855
AAPL,185,169.30695608141787,1.092689894625685,call,0.4602739726027397,168,0.2702779921151106,24.86587401717432,0.7582261387041788,0.009200944252856232,0.39174454471907905,24.368556536830834,25.363191497517807,940,11318
AAPL,185,164.1219339530256,1.1272106996554772,call,0.3178082191780822,116,0.2687926283312398,26.11521077638244,0.8341950589659375,0.008882909976561786,0.2597055294190802,25.59290656085479,26.63751499191009,316,669
AAPL,185,197.9062819863534,0.9347858902869826,call,0.13972602739726028,51,0.24294085433464346,2.61952876393692,0.2675374870118794,0.019590834547677793,0.22760104917879231,2.5671381886581814,2.671919339215658,162,2395
AAPL,185,191.553448371452,0.9657878862157373,put,0.4767123287671233,174,0.2810133057677899,15.420001476890121,-0.48386938745826674,0.011105242892567153,0.509160596218439,15.111601447352319,15.728401506427923,20,1566
AAPL,185,183.7069746878518,1.007038520526209,call,0.3917808219178082,143,0.24403241957388216,13.710647468296571,0.5989141492974348,0.013681669662024793,0.44768573482840796,13.43643451893064,13.984860417662503,920,1758
AAPL,185,170.3860458220786,1.0857696656284967,call,0.4191780821917808,153,0.3024406377758407,24.651360846054544,0.734075896247369,0.009057846369305563,0.39301318332708235,24.158333629133452,25.144388062975636,108,3606
AAPL,185,184.34443023802694,1.0035562222364223,put,0.1095890410958904,40,0.24929457877027533,5.2665272558894,-0.4401162453347135,0.025835215488548297,0.2415658321555439,5.161196710771613,5.371857801007188,1194,6264
AAPL,185,187.87706339025846,0.9846864575252476,call,0.0136986301369863,5,0.2601207777519697,1.1498031670202096,0.31947609001792654,0.0634493711533421,0.07737897324743945,1.1268071036798053,1.1727992303606138,1186,6527
AAPL,185,161.61773425211572,1.144676361514938,put,0.2328767123287671,85,0.2534862216087985,1.1787877532530295,-0.10366184202593776,0.007960733994364757,0.1608336760473194,1.155211998187969,1.2023635083180901,3840,9708
AAPL,185,171.2221088264743,1.0804679446361038,put,0.2191780821917808,80,0.24684048122022323,2.61368286582195,-0.205443712917585,0.013307043904863642,0.24639878020708492,2.561409208505511,2.665956523138389,825,14695
AAPL,185,185.27726721677547,0.9985035011529446,put,0.052054794520547946,19,0.2014109636180727,3.288168485173088,-0.48124648359213956,0.04687536523599566,0.16820231361144466,3.2224051154696265,3.3539318548765498,485,127
AAPL,185,162.90962851020294,1.1355989310872043,put,0.22465753424657534,82,0.2630517807836899,1.4462241169557046,-0.12053545009644262,0.008699747207245164,0.17595933995681703,1.4172996346165905,1.4751485992948188,956,9266
AAPL,185,220.49908996863832,0.839005730256359,call,0.1726027397260274,63,0.2997204149074568,1.0441625142907291,0.10059922231558976,0.00765164464129944,0.13547596687205268,1.0232792640049146,1.0650457645765437,3412,265
AAPL,185,184.64580515594236,1.0019182393218113,put,0.08493150684931507,31,0.25034248834380124,4.817641202970009,-0.45186437613364544,0.029342195550776273,0.21352044111787152,4.721288378910609,4.913994027029409,1985,987
AAPL,185,165.17836603141578,1.1200013927054726,put,0.4136986301369863,151,0.2390722706695691,2.809106767495237,-0.1714594517415039,0.008944285353627257,0.3027627158654616,2.7529246321453322,2.865288902845142,1654,5652
AAPL,185,176.18851723692327,1.0500116744340824,put,0.01643835616438356,6,0.24815341385923573,0.14665203640792868,-0.05756044985427883,0.01958962333284953,0.027349423889072272,0.1437189956797701,0.14958507713608726,1695,3480
AAPL,185,223.33375893952626,0.8283566303565142,call,0.336986301369863,123,0.2871121324309895,2.6430987181542918,0.17222302236723475,0.00827544946478774,0.2740304598484288,2.590236743791206,2.6959606925173776,988,1421
AAPL,185,213.84167826513874,0.8651260198707456,put,0.32054794520547947,117,0.2653405591343712,28.650981530979266,-0.7830695264680354,0.01056800395278897,0.30763309946316236,28.07796190035968,29.224001161598853,339,1832
AAPL,185,196.56105253084624,0.9411834013809426,put,0.40821917808219177,149,0.2521662955573961,16.291210863161595,-0.5670995216456325,0.013194807457653304,0.46486511498495825,15.965386645898363,16.617035080424827,518,354
AAPL,185,166.14220556730388,1.1135039369936428,put,0.18082191780821918,66,0.27257187111266057,1.6657587634601825,-0.14377031296574538,0.010568572128673015,0.1782755886363648,1.632443588190979,1.699073938729386,566,5782
AAPL,185,198.28882895933125,0.9329824628594848,put,0.13972602739726028,51,0.25832119103482637,14.788784462371126,-0.7250024798528449,0.018678727252327817,0.2307427601744508,14.493008773123703,15.084560151618549,1113,5002
AAPL,185,210.32362590384474,0.8795968555837748,put,0.4136986301369863,151,0.258219868830501,26.06359958797023,-0.7139143102818445,0.01106937297763977,0.4047065346780086,25.542327596210825,26.584871579729636,1390,534
AAPL,185,203.04209510587992,0.911141110435885,put,0.2356164383561644,86,0.25611861792451457,19.358651593681515,-0.7229424589961828,0.014561080701283572,0.3007348803058891,18.971478561807885,19.745824625555144,197,17646
AAPL,185,218.8516694196487,0.8453214018909857,call,0.18082191780821918,66,0.25625577256971555,0.7009623808888019,0.0800650435716499,0.007379182480610297,0.11702440331863614,0.6869431332710259,0.714981628506578,1338,6096
AAPL,185,190.9004553613358,0.9690914547575729,call,0.2054794520547945,75,0.23574783217043205,6.147805088796332,0.4426618766532403,0.019970533107050346,0.33109240765476483,6.024848987020405,6.270761190572259,1347,4980
AAPL,185,181.40055808166863,1.0198425074123028,put,0.4657534246575342,170,0.2382324984800354,8.252686977915829,-0.36490593994822185,0.012495597229476858,0.47452329492810386,8.087633238357512,8.417740717474146,155,4523
AAPL,185,212.92654222991948,0.8688442411291111,put,0.06575342465753424,24,0.24890308022357135,27.298557107499988,-0.9829694487684433,0.0035760443922453985,0.020030648343335723,26.752585965349986,27.84452824964999,612,483
AAPL,185,181.132529514392,1.021351606450683,put,0.15616438356164383,57,0.24616826827728014,4.746746682721479,-0.36464076334705864,0.020878872209379343,0.27470372891809547,4.65181174906705,4.841681616375909,1216,2336
AAPL,185,180.40614013815764,1.0254639884115049,call,0.21095890410958903,77,0.2682853520059601,12.544254113347051,0.6373079266739482,0.0164531167094565,0.3187032243938541,12.29336903108011,12.795139195613993,746,1435
AAPL,185,231.0168441999207,0.8008074070992937,call,0.18904109589041096,69,0.295698082835804,0.5395285618469003,0.055919200271068135,0.004738629896492698,0.09065692455667362,0.5287379906099623,0.5503191330838384,111,841
AAPL,185,157.05990600025058,1.1778945035132318,put,0.42191780821917807,154,0.2752967219257649,2.350258802008465,-0.1307207796552196,0.006419147486171479,0.2551818063975264,2.3032536259682956,2.3972639780486347,1139,2622
AAPL,185,229.48356270362106,0.8061579566765235,call,0.19726027397260273,72,0.29053763418377576,0.6235771044314458,0.06314586263446098,0.005193181121754672,0.10186358442097082,0.6111055623428169,0.6360486465200746,291,2991
AAPL,185,156.37779578690353,1.1830324060335269,put,0.4602739726027397,168,0.27888553837473473,2.593141153939314,-0.13466938117307015,0.006192418203104866,0.2720483819234511,2.5412783308605276,2.6450039770181,1116,18862
AAPL,185,220.0397345649592,0.8407572403491748,call,0.3232876712328767,118,0.29112535011985147,3.0254199017877923,0.19284827966119522,0.008942682193845879,0.28805831802769105,2.9649115037520364,3.085928299823548,568,485
AAPL,185,168.28068463367725,1.0993537398704925,put,0.3589041095890411,131,0.26445836607485484,3.877390820763779,-0.21466080014907796,0.009959764161996681,0.3235402026881028,3.799843004348503,3.9549386371790547,569,6426
AAPL,185,230.20783055255524,0.8036216646321485,call,0.26301369863013696,96,0.2706854970367093,0.8710450172598829,0.07916009015527414,0.005742726922732542,0.1399281132073727,0.8536241169146852,0.8884659176050806,791,5553
AAPL,185,171.24126849425826,1.0803470543445728,call,0.4712328767123288,172,0.27721563967930973,24.048734629457925,0.7340388672659354,0.00932093536041809,0.41673143708975297,23.567759936868768,24.529709322047083,1342,69
AAPL,185,205.7040043306322,0.8993505041479201,call,0.31232876712328766,114,0.2677980425127138,4.843525621723849,0.2981825646008247,0.012523113204706053,0.3584884338873149,4.746655109289372,4.940396134158326,80,12105
AAPL,185,196.40226461003002,0.9419443322984591,put,0.18082191780821918,66,0.28665371145583857,14.829699636204182,-0.6389094093422555,0.016607533207864813,0.29461660904098164,14.533105643480098,15.126293628928266,465,2025
AAPL,185,160.31394173180504,1.153985723272235,call,0.3589041095890411,131,0.28149080435530827,30.13872098571464,0.8508349416285184,0.007445758433837203,0.25745127213766916,29.535946566000348,30.741495405428935,680,1665
AAPL,185,165.9627749775652,1.1147078013428509,put,0.3698630136986301,135,0.28694349336034636,4.11644349925659,-0.2073925537511634,0.008861539841436812,0.3218769937871207,4.034114629271459,4.198772369241722,4394,1722
AAPL,185,166.92276342574596,1.1082970123622207,call,0.21095890410958903,77,0.2717490659908787,21.98409684665873,0.8341590957517815,0.010785718285217733,0.21162084795783528,21.544414909725553,22.423778783591906,878,3864
AAPL,185,203.84744853214477,0.9075414057528775,call,0.08767123287671233,32,0.27692098879332927,1.027068217612932,0.13813333845562786,0.014539697452190383,0.12081248403400037,1.0065268532606733,1.0476095819651907,1222,2789
AAPL,185,189.3516404074371,0.9770182059258983,call,0.3041095890410959,111,0.24698209473784608,9.355467554853519,0.5036052035080447,0.01583215658744876,0.40698566951856047,9.168358203756448,9.54257690595059,1532,2718
AAPL,185,184.99407143789733,1.000032047308633,put,0.3917808219178082,143,0.22417218152623136,8.54941400001897,-0.41683632450613617,0.015033476424698827,0.45188483703176724,8.37842572001859,8.72040228001935,698,289
AAPL,185,185.66127128102073,0.996438291753266,put,0.19726027397260273,72,0.2588090744543384,7.8845500384963,-0.45531757863747846,0.01864247485809027,0.32573629663961845,7.726859037726374,8.042241039266226,111,7228
AAPL,185,191.93491134486143,0.9638684213503971,put,0.3424657534246575,125,0.23872510405301767,12.345725416962978,-0.5283004330163409,0.015397034610026753,0.43081992686388604,12.098810908623719,12.592639925302237,726,7721
AAPL,185,157.1775969954869,1.1770125230080466,call,0.3095890410958904,113,0.25342877774573325,31.40295305677691,0.9092391931177941,0.006264050824815407,0.16820551757969512,30.77489399564137,32.03101211791245,1155,585
AAPL,185,202.03675358623613,0.91567497851838,call,0.39452054794520547,144,0.2583164917415503,6.9202847234303775,0.36683584586451573,0.012543331846951474,0.4375000735530705,6.78187902896177,7.058690417898985,294,6784
AAPL,185,222.7159902366407,0.8306543225900995,call,0.25205479452054796,92,0.22950581409618132,0.6789278071148228,0.0744698741594731,0.006604849132644856,0.13076605250480935,0.6653492509725264,0.6925063632571192,1760,1217
AAPL,185,164.6303290151532,1.123729759314105,put,0.37534246575342467,137,0.23636896758857945,2.35269840938712,-0.15683458336470896,0.008963842805497257,0.2721797743692506,2.3056444411993775,2.3997523775748624,316,1318
AAPL,185,199.473049327272,0.9274435851054429,call,0.1780821917808219,65,0.22817427862266862,2.6751723207901534,0.2605517917772251,0.01822888180966464,0.25350741352414863,2.6216688743743504,2.7286757672059565,80,8826
AAPL,185,196.90150889320137,0.9395560300167294,call,0.473972602739726,173,0.262886771718421,10.26522428121497,0.4510318856226088,0.011825100510273242,0.504278287761348,10.05991979559067,10.47052876683927,422,3098
AAPL,185,191.54977129344277,0.965806425926717,put,0.3589041095890411,131,0.2695044598092854,13.641020573163829,-0.5094195919738621,0.013352484533600292,0.4420281502468121,13.368200161700551,13.913840984627106,350,3073
AAPL,185,191.8216689292109,0.9644374435521759,call,0.44931506849315067,164,0.2319268403458315,10.306436236634141,0.49573971256279586,0.013870338812274462,0.49468930545676293,10.100307511901459,10.512564961366824,561,6747
AAPL,185,161.54539253108118,1.145188959594785,put,0.3780821917808219,138,0.275765485939618,2.8516052190832504,-0.15967637229164788,0.007746100009868325,0.27640932394253526,2.7945731147015853,2.9086373234649154,723,879
AAPL,185,221.97645229284888,0.833421735004276,put,0.3561643835616438,130,0.24830177277969584,35.05920055461556,-0.8497538616587413,0.008514313675641323,0.25770533589371813,34.35801654352325,35.76038456570787,872,630
AAPL,185,209.09678804953336,0.8847577321760437,put,0.0410958904109589,15,0.23347307187329003,23.68384515262119,-0.9941305336507079,0.001904336589513467,0.006253488576284716,23.210168249568763,24.157522055673613,182,1396
AAPL,185,203.96006220855372,0.907040319544683,call,0.33424657534246577,122,0.27739964194273675,6.061072953848118,0.33579110962853204,0.012290377939179349,0.39001522168539793,5.939851494771156,6.1822944129250805,1401,10257
AAPL,185,172.6404303737098,1.0715913972152167,call,0.4712328767123288,172,0.29713821024853976,24.00482995283123,0.7110610878777164,0.009055580853413599,0.43396415125059734,23.524733353774604,24.484926551887856,1400,1138
AAPL,185,198.7066098534494,0.9310208660720529,put,0.3972602739726027,145,0.26172985850145775,17.987159849890375,-0.5911002408978715,0.012729836009496944,0.45299631995006734,17.627416652892567,18.346903046888183,2902,5963
AAPL,185,185.31846977311562,0.9982815000927564,call,0.1780821917808219,65,0.2686142902837999,9.01051891189529,0.5477801305748047,0.018887270538658883,0.30921621765061025,8.830308533657384,9.190729290133195,578,19670
AAPL,185,184.09537321217584,1.0049139028973941,call,0.04657534246575343,17,0.2675375650504379,4.945042985258098,0.5612347956416426,0.03690786674128675,0.15739945624594592,4.846142125552936,5.04394384496326,1482,15124
AAPL,185,166.57726703949504,1.1105957210604072,call,0.18082191780821918,66,0.25360226768038224,21.32887309307344,0.8666009316848242,0.010794131695100663,0.16940856860148834,20.90229563121197,21.75545055493491,1947,5592
AAPL,185,192.0586105113959,0.9632476227303692,put,0.09041095890410959,33,0.28203997307027107,9.931172381895465,-0.6352655581398743,0.023952252232076393,0.2090362246839111,9.732548934257554,10.129795829533375,2133,6571
AAPL,185,171.46932668901664,1.0789101676215427,call,0.1643835616438356,60,0.2758554380409319,17.522468265982155,0.7905976228893236,0.01390546953251173,0.2158087505596219,17.17201890066251,17.8729176313018,625,10364
AAPL,185,209.89940269162264,0.8813745900544365,put,0.30684931506849317,112,0.28082629042213497,25.947111263981952,-0.7373892373242534,0.011328992434780865,0.3341163012306068,25.42816903870231,26.466053489261594,714,8590
AAPL,185,192.34218942688005,0.961827462561607,call,0.052054794520547946,19,0.24034939455795523,1.5723218432207418,0.26275917128909926,0.03214724497568581,0.13765468137770814,1.5408754063563268,1.6037682800851567,13,2635
AAPL,185,174.67501354322383,1.0591096931801367,put,0.410958904109589,150,0.25357675936227875,5.894516654974787,-0.2874112287340267,0.01133438086291791,0.4042491363091109,5.776626321875291,6.012406988074282,42,3262
AAPL,185,211.9883861695716,0.8726893172912626,put,0.2958904109589041,108,0.2607087558993232,26.903869743388213,-0.7837751962951758,0.011173864815569685,0.29500771780715157,26.365792348520447,27.44194713825598,1883,3943
AAPL,185,155.11247311378972,1.1926829370084566,call,0.2356164383561644,86,0.28845279940417146,32.682348451708805,0.9211152547581007,0.005678696739773822,0.1320907719692248,32.02870148267463,33.33599542074298,263,14283
AAPL,185,226.40077222049732,0.8171350220476453,call,0.19452054794520549,71,0.25387682439630255,0.39985750443783274,0.04838165115837138,0.004849751358222418,0.0819693463200125,0.39186035434907607,0.4078546545265894,72,6532
AAPL,185,177.31115456555628,1.043363574352007,call,0.18082191780821918,66,0.22419635015863362,12.474853733013546,0.7216564487978423,0.019031183202910636,0.26405163199881043,12.225356658353276,12.724350807673817,1069,6168
AAPL,185,230.28697649410998,0.8033454727507429,put,0.36712328767123287,134,0.23680592957933275,42.17673009622544,-0.907652905103419,0.00623565278053387,0.18553672567226984,41.33319549430093,43.02026469814995,1847,2335
AAPL,185,175.72264023961554,1.0527954721584756,put,0.1780821917808219,65,0.22075000705800918,2.605703522861347,-0.2437003318751505,0.018188884255280417,0.24472071590622968,2.55358945240412,2.6578175933185744,1523,6966
AAPL,185,165.0016618350031,1.1212008287831348,put,0.16986301369863013,62,0.2954828491999589,1.7326750149634869,-0.14230504670645266,0.009989304615437108,0.17159704970618953,1.698021514664217,1.7673285152627567,151,5560
AAPL,185,176.49480129824212,1.0481895140207882,call,0.09041095890410959,33,0.2851749636926211,11.900801954005246,0.740362854328899,0.02043279015111217,0.18030326945222228,11.662785914925141,12.13881799308535,2211,6931
AAPL,185,159.03152100909705,1.1632913954801292,call,0.3698630136986301,135,0.2402240489014582,30.385147250440525,0.891572669915838,0.0068855369375293496,0.20938166830814578,29.777444305431715,30.992850195449336,1061,10996
AAPL,185,179.34651334024903,1.0315227018047761,call,0.18082191780821918,66,0.25051623386329125,11.876212631236726,0.6662123678175638,0.018459663945163903,0.2861898272579681,11.638688378611992,12.11373688386146,1247,2440
AAPL,185,178.67456759227414,1.0354019740635956,put,0.16712328767123288,61,0.22831274000771157,3.541574002605863,-0.3053996696976701,0.020297653725010613,0.2650674576802252,3.4707425225537456,3.61240548265798,915,9884
AAPL,185,161.22624591092537,1.1474558559293702,call,0.38904109589041097,142,0.23361169718871466,28.66420217354269,0.8749951135143408,0.007636706943316225,0.2375415829810053,28.090918130071838,29.237486217013544,878,717
AAPL,185,189.24985620745542,0.9775436753685205,put,0.07397260273972603,27,0.2523051223026081,7.082685617878084,-0.5959077381445509,0.030512576590096013,0.1949033512956513,6.941031905520522,7.2243393302356465,3182,2820
AAPL,185,181.41931643623434,1.0197370579611031,put,0.4657534246575342,170,0.2352200369126753,8.117601407261262,-0.36426342501419484,0.012648137525974898,0.4742424293117359,7.955249379116037,8.279953435406487,314,1059
AAPL,185,171.63696650327665,1.077856383557491,call,0.04657534246575343,17,0.27051901331518313,14.211494459455224,0.9120185138646997,0.014783604733582036,0.06374962740819985,13.92726457026612,14.495724348644329,904,1536
AAPL,185,173.74357462153412,1.0647875779175475,put,0.3726027397260274,136,0.2618568707461108,5.525641444321408,-0.27785956630627656,0.011341335269704069,0.37871949676430205,5.4151286154349805,5.636154273207836,92,6002
AAPL,185,195.28386602529636,0.9473388855177405,put,0.08767123287671233,32,0.2533924724786228,11.593791423918077,-0.7340488902806211,0.023640924580386434,0.17974579421988882,11.361915595439715,11.825667252396439,31,1502
AAPL,185,227.42064525057518,0.8134705615497857,put,0.4191780821917808,153,0.28359157858516815,40.74063098646312,-0.820801850391748,0.007703373780503439,0.31341250767048634,39.92581836673386,41.55544360619238,390,11409
AAPL,185,160.13887581612522,1.1552472755736143,call,0.4410958904109589,161,0.26876133321910745,31.223785744525784,0.8464438221847592,0.007171480819995016,0.2909726011256288,30.59931002963527,31.8482614594163,5561,8726
AAPL,185,162.57325673617535,1.1379485391020916,put,0.21643835616438356,79,0.2721858341351479,1.4792066672547222,-0.12114240959115108,0.008596288750777187,0.17332220177678173,1.4496225339096276,1.5087908005998167,99,34028
AAPL,185,198.78457741745743,0.9306556997703643,call,0.0958904109589041,35,0.27310099587842507,1.9675492191213735,0.22638275525022233,0.019236114423144896,0.17240873774488602,1.928198234738946,2.006900203503801,1643,9760
AAPL,185,154.28864225788695,1.1990513189608625,call,0.4575342465753425,167,0.22976498877654528,35.34260280491503,0.9181803747607578,0.005259185189258744,0.18922102011116176,34.63575074881673,36.04945486101333,139,113
AAPL,185,195.93913892263916,0.9441707308565944,call,0.4438356164383562,162,0.2669562138890467,10.285167209004968,0.4564767038715516,0.012052923886761041,0.4887626999773672,10.079463864824868,10.490870553185067,83,1871
AAPL,185,229.44394199191802,0.8062971651982709,put,0.4465753424657534,163,0.27696911241625066,42.26461582652149,-0.8289597217789986,0.007419224369889838,0.3140711473670832,41.41932350999106,43.109908143051925,369,711
AAPL,185,184.14294585187963,1.0046542871580308,call,0.2821917808219178,103,0.27692773792756054,12.552256105444698,0.5796632290942372,0.014365605589990832,0.38421844842603475,12.301210983335803,12.803301227553593,979,9991
AAPL,185,178.78289584123135,1.034774602623563,call,0.07945205479452055,29,0.2564794831818387,9.409793282621479,0.7136012110170605,0.02544339777280909,0.17745013239901652,9.221597416969049,9.597989148273909,583,6144
AAPL,185,193.57697194967915,0.9556921886767153,put,0.06575342465753424,24,0.24126936889269057,9.670270603551785,-0.7416534020077918,0.02824678063509461,0.15336737327444225,9.47686519148075,9.86367601562282,908,13168
AAPL,185,157.8962001774359,1.171655808006185,call,0.08767123287671233,32,0.23345808396699855,27.831092584830458,0.9915695244260642,0.0017948104832390473,0.012572686456760376,27.27447073313385,28.387714436527066,585,3407
AAPL,185,161.65420382553597,1.1444181198013248,put,0.4767123287671233,174,0.26365474495893015,3.2797068699393606,-0.1677769471591592,0.007450822950024951,0.3205085917083148,3.214112732540573,3.345301007338148,2812,3505
AAPL,185,156.82215220869415,1.1796802772723565,put,0.410958904109589,150,0.28224046074854137,2.4077712567620004,-0.13192942054344314,0.006384602728038733,0.25345158002423274,2.3596158316267606,2.4559266818972403,2842,915
AAPL,185,184.97340480386558,1.0001437784862242,call,0.473972602739726,173,0.24291203435782116,14.485674209230282,0.5894715968194044,0.012569077871748376,0.49527812122352083,14.195960725045676,14.775387693414888,1194,5229
AAPL,185,203.27095146260046,0.910115285380744,call,0.23835616438356164,87,0.2717470917980631,4.169706056034499,0.2898791312008152,0.01394367757982087,0.30910930737512154,4.08631193491381,4.253100177155189,197,6106
AAPL,185,188.3778413720896,0.9820687966934626,call,0.4904109589041096,179,0.2633294791902496,14.148069736078554,0.550551189955144,0.011599878073463951,0.5126919847688877,13.865108341356983,14.431031130800125,1816,930
AAPL,185,229.0573635059872,0.8076579471987347,put,0.3178082191780822,116,0.2245612774918826,41.10238346682584,-0.933008619137169,0.005541975050691645,0.13536550822545768,40.28033579748932,41.92443113616236,3242,3838
AAPL,185,185.85525886804254,0.9953982530639621,call,0.2684931506849315,98,0.20933816458895385,8.804434389459587,0.5538823853419536,0.0196987120233683,0.37893342163323757,8.628345701670394,8.98052307724878,166,4250
AAPL,185,203.11702068345238,0.9108050097303916,put,0.1095890410958904,40,0.2601188610947526,18.33780096397814,-0.8360304968402377,0.01551918208882955,0.15140884841160754,17.971044944698576,18.704556983257703,438,266
AAPL,185,227.63697267460003,0.8126975061491954,put,0.12054794520547946,44,0.2580400522284149,41.34712990304337,-0.986196887971912,0.0021269932124505318,0.02264417455175746,40.5201873049825,42.174072501104234,88,4667
AAPL,185,160.53604080796026,1.152389202255863,put,0.4054794520547945,148,0.27811375830118074,2.942449368940686,-0.15770418927672075,0.0073564869526255355,0.28392605667782095,2.8836003815618723,3.0012983563194995,1987,10861
AAPL,185,210.54753611043517,0.8786614339811836,put,0.25205479452054796,92,0.29197420235645605,26.382481193208406,-0.7652179722582295,0.011326037763168015,0.2852731552726019,25.85483156934424,26.910130817072574,1622,29458
AAPL,185,227.8295937026455,0.8120104021317571,call,0.336986301369863,123,0.27574256072971937,1.8404805123536576,0.13228662789475026,0.007230230234415016,0.22993846885460115,1.8036709021065844,1.8772901226007308,64,2041
AAPL,185,223.75244297908338,0.826806615100484,put,0.336986301369863,123,0.26613275086484,37.05740982729114,-0.8519253340721582,0.008087750087184053,0.248245708731436,36.316261630745316,37.79855802383696,1698,9571
AAPL,185,157.42187655987803,1.1751860925735578,call,0.4136986301369863,151,0.2918282943299379,33.58779077037909,0.8563505308667848,0.006522393801771981,0.26950197553106753,32.91603495497151,34.259546585786666,236,1302
AAPL,185,187.31466901502958,0.9876428844190315,put,0.29041095890410956,106,0.25606939671694506,9.974331098211806,-0.46648156849476907,0.015571759374421247,0.396325320957234,9.77484447624757,10.173817720176043,106,916
AAPL,185,215.3892159210893,0.8589102254208364,put,0.3698630136986301,135,0.25235393649288745,29.653683998598865,-0.786333361787698,0.010253968838947924,0.3275566628628798,29.060610318626885,30.246757678570845,355,1323
AAPL,185,217.16888072287816,0.8518715912896941,put,0.1178082191780822,43,0.25142863792553255,31.14605129537395,-0.9596231368804395,0.005438875831275977,0.055136974882346174,30.52313026946647,31.76897232128143,439,5604
AAPL,185,224.23537458454902,0.8250259368877807,put,0.2876712328767123,105,0.28014443901382874,37.789843037593386,-0.8663355096145013,0.00775764380777958,0.2139694313406281,37.034046176841514,38.54563989834526,147,4345
AAPL,185,184.59324801084858,1.0022035041559456,call,0.4273972602739726,156,0.2801766901909493,15.607247332518725,0.5871691608642172,0.011490920718556326,0.47093613964811537,15.29510238586835,15.919392279169099,3,957
AAPL,185,160.84687181496466,1.1501622500487336,call,0.18904109589041096,69,0.2235468303785702,26.11553644708772,0.9435443322525612,0.006315421004563554,0.0913419979394846,25.593225718145966,26.637847176029474,1255,1655
AAPL,185,195.65873323740502,0.9455238564563734,call,0.07123287671232877,26,0.2462096733969019,1.5043220108311957,0.22201926256748394,0.02448403132437031,0.146964343448492,1.4742355706145718,1.5344084510478195,426,3961
AAPL,185,154.59061178755562,1.1967091523916997,call,0.40821917808219177,149,0.25647076307046657,35.0048926309851,0.9036051248109822,0.005635537593735214,0.20193429194624105,34.30479477836539,35.7049904836048,135,4134
AAPL,185,167.25974084761563,1.1060641315267066,put,0.12054794520547946,44,0.2740726144354595,1.093846608538172,-0.12094152264792574,0.01142591503574313,0.1291992229764845,1.0719696763674085,1.1157235407089354,15,3698
AAPL,185,187.18123368101413,0.9883469424892707,call,0.2191780821917808,80,0.2758118136239991,9.456623126206722,0.5233873087428538,0.016671696216600654,0.3449317974632453,9.267490663682587,9.645755588730857,124,8040
AAPL,185,217.8282328981149,0.84929303028653,put,0.1178082191780822,43,0.2600629425411896,31.82776881351154,-0.9572290018448218,0.005509517502723911,0.057771159899524624,31.19121343724131,32.46432418978177,538,3606
AAPL,185,159.3015934671282,1.1613192057502841,put,0.3095890410958904,113,0.30018167222273145,2.4193421445525765,-0.14194675328508383,0.00727108098679098,0.23126621380759577,2.370955301661525,2.467728987443628,2037,2577
AAPL,185,155.71156705466734,1.1880941377659506,call,0.20821917808219179,76,0.29662623863968757,31.833784435795707,0.9218941168911088,0.005830281651883099,0.12324329038765056,31.197108747079792,32.47046012451162,1353,1638
AAPL,185,216.96771109128662,0.8526614355173034,put,0.33972602739726027,124,0.24927305580142833,30.80621374819131,-0.8179282928408909,0.009832554025582124,0.2849797207238841,30.190089473227484,31.422338023155138,674,2609
AAPL,185,159.30747761112832,1.1612763115337716,call,0.273972602739726,100,0.2453504747440389,28.918507701886085,0.9090881537313685,0.006886512429244167,0.1584297842106078,28.340137547848364,29.496877855923806,859,4090
AAPL,185,195.05142794531034,0.9484678064078126,call,0.0273972602739726,10,0.27822409756552524,0.577444136075318,0.1365194043485931,0.02568063827488811,0.06699635087558456,0.5658952533538116,0.5889930187968243,2244,2058
AAPL,185,169.44720245490714,1.0917855079326655,call,0.26575342465753427,97,0.24661998580468197,20.496831183785304,0.8047738551233689,0.01173052299440208,0.2631285486008437,20.0868945601096,20.90676780746101,411,22336
AAPL,185,228.36829517692078,0.8100949383393057,call,0.0958904109589041,35,0.2724150257785874,0.04168532380260981,0.008251942630259095,0.0014433617837140312,0.01290401613608812,0.040851617326557614,0.042519030278662,888,6965
AAPL,185,176.2927037612709,1.0493911322077185,put,0.4767123287671233,174,0.24754816549280118,6.792961287505598,-0.3060840182570282,0.011095250196628256,0.44812239959027184,6.657102061755486,6.92882051325571,54,2362
AAPL,185,207.20808704442248,0.8928222958804625,call,0.4602739726027397,168,0.2162977874369239,4.66253586700131,0.29378748216837136,0.01268541730852102,0.4322317942358036,4.569285149661284,4.755786584341336,348,1353
AAPL,185,156.85926346581712,1.179401177287278,put,0.07397260273972603,27,0.25176273368340185,0.02607799289424606,-0.006244476081734979,0.0013905648406087544,0.008863332595556016,0.02555643303636114,0.02659955275213098,941,12919
AAPL,185,166.0197790947427,1.1143250581873492,call,0.04657534246575343,17,0.21380975469755176,19.388600035608476,0.9922287598007342,0.0025030664010563157,0.00853098934742419,19.00082803489631,19.776372036320645,1212,4775
AAPL,185,167.54670578817914,1.1041697246729887,put,0.40821917808219177,149,0.21539872629777285,2.547967696298244,-0.1743377452895517,0.01010029906449814,0.30395845254743453,2.497008342372279,2.5989270502242086,7723,7336
NVDA,880,917.4825751215187,0.9591462812069709,put,0.2684931506849315,98,0.39476165182411754,86.03063104152113,-0.5143639586832724,0.0022148494239501303,1.8179323553401108,84.31001842069071,87.75124366235156,228,2080
NVDA,880,876.2912698439405,1.004232302983824,call,0.3287671232876712,120,0.3448023914125558,77.95708608945267,0.5805733293028877,0.002246118735138221,1.9717720470220093,76.39794436766361,79.51622781124173,2414,3565
NVDA,880,879.5512020943977,1.0005102578502918,put,0.36164383561643837,132,0.351180302810523,65.50055072615987,-0.42323245996497066,0.002106760795416871,2.0720097182346535,64.19053971163667,66.81056174068307,2636,28131
NVDA,880,786.8362573325542,1.1184029609709132,put,0.21643835616438356,79,0.3521893962549832,17.783037605488715,-0.2030066603024594,0.0019590970166360033,1.1564631277986865,17.42737685337894,18.13869835759849,242,2047
NVDA,880,892.2478716289282,0.9862730167049119,call,0.3835616438356164,140,0.33514943738257547,74.91954026808105,0.5515533570224265,0.002165832229630534,2.1560747936690388,73.42114946271943,76.41793107344267,943,1114
NVDA,880,1070.2861628463872,0.8222100131236603,call,0.29315068493150687,107,0.3577427678594949,17.518251512360365,0.20097538740032528,0.0016472856890056018,1.33781495289075,17.167886482113158,17.868616542607572,1054,1183
NVDA,880,860.5662772500498,1.0225824823301826,call,0.24383561643835616,89,0.3236818538076754,71.31020846207309,0.616350929994989,0.0027148532037575075,1.6593087021718216,69.88400429283163,72.73641263131455,1753,3719
NVDA,880,792.7230754878633,1.1100976207339797,call,0.32602739726027397,119,0.3404135938335733,126.26259773308288,0.7637488809143844,0.0018018548203077253,1.5486245213573568,123.73734577842123,128.78784968774454,346,2018
NVDA,880,959.1172328901159,0.9175103624697564,call,0.2958904109589041,108,0.35633683107823644,42.632422621929265,0.39322954428326884,0.0022545721428258664,1.840861374924292,41.77977416949068,43.48507107436785,1059,1067
NVDA,880,958.3323449244689,0.9182618166449942,call,0.11506849315068493,42,0.36287677291568615,17.611073700679555,0.27945648575016946,0.003104664809372558,1.0039120335438658,17.25885222666596,17.963295174693148,915,3529
NVDA,880,936.005615178716,0.9401653000040789,put,0.12876712328767123,47,0.34507891299520754,74.04786724638723,-0.649643270683381,0.003400377673255583,1.1700809671849748,72.56690990145948,75.52882459131497,1258,6125
NVDA,880,838.8335583186404,1.049075816379919,put,0.23835616438356164,87,0.3147037290254736,30.677971906566654,-0.3205318093207281,0.0026467597983821423,1.5374753127215173,30.06441246843532,31.291531344697987,325,767
NVDA,880,951.0785915406825,0.9252652807319108,put,0.08767123287671233,32,0.3414436079422289,79.5473357696361,-0.7499697120265348,0.003572066845879552,0.8280585055628683,77.95638905424339,81.13828248502882,778,20947
NVDA,880,748.5548411925358,1.175598568834391,put,0.3232876712328767,118,0.3434102847990632,15.417604650069876,-0.15649997044699115,0.0013956263680194952,1.1998776144468644,15.109252557068478,15.725956743071274,221,900
NVDA,880,982.1475206467636,0.895995745547983,call,0.2191780821917808,80,0.3433160429010152,24.414372814484267,0.2964234635882288,0.0024448260241137867,1.4246380016261293,23.92608535819458,24.902660270773953,591,3480
NVDA,880,979.2319956947798,0.8986634463221627,put,0.33424657534246577,122,0.33543405230930107,120.20571068695699,-0.6434956771017225,0.002184785624034846,1.8969168260516807,117.80159647321784,122.60982490069614,2351,5213
NVDA,880,967.8665578139089,0.9092162477311228,call,0.19452054794520549,71,0.3465512195796646,25.25483437692074,0.31468354022733114,0.0026399717554915422,1.3781533356187845,24.749737689382325,25.759931064459156,57,34
NVDA,880,994.3739779366623,0.8849789108781893,put,0.13150684931506848,48,0.3551441471291879,119.95191902145041,-0.7976686187811434,0.002487457687284333,0.8996510288236845,117.5528806410214,122.35095740187941,1262,9694
NVDA,880,933.4815033608899,0.9427074846493091,call,0.39452054794520547,144,0.3506125142641693,62.321668317921535,0.4728042028154733,0.002053782704141369,2.1999706008821,61.075234951563104,63.568101684279966,113,2899
NVDA,880,805.9458563240427,1.091884762598969,put,0.3698630136986301,135,0.3715264347613446,38.887942860371055,-0.27965363127079096,0.0016919620813848697,1.8004729217616753,38.11018400316363,39.66570171757848,925,9943
NVDA,880,779.4523190870297,1.1289978597160908,put,0.3287671232876712,120,0.3622914847995382,25.858194615709294,-0.22151945857252486,0.0016261322963209673,1.499918728301427,25.341030723395107,26.37535850802348,147,6619
NVDA,880,835.7906366772512,1.0528952603471444,put,0.3424657534246575,125,0.31854136950255313,38.20543324587965,-0.3221957931475671,0.002186205393209855,1.8468826313643643,37.44132458096205,38.96954191079724,791,11635
NVDA,880,938.5834960318331,0.9375830746230742,call,0.13972602739726028,51,0.35741543732506487,26.61793589032368,0.3581864568915276,0.0031765315846533208,1.2284829697395676,26.085577172517205,27.150294608130153,1720,4180
NVDA,880,827.9920013948447,1.062812199293643,put,0.12054794520547946,44,0.35146426131477504,19.007979519237608,-0.2710559635660301,0.00308507562664147,1.0122135374524246,18.627819928852855,19.38813910962236,822,14293
NVDA,880,1056.3038574034724,0.8330936158494684,call,0.1780821917808219,65,0.3626982948476757,9.38652734022618,0.14494355108143836,0.001691745791264008,0.8461872066794135,9.198796793421657,9.574257887030704,623,631
NVDA,880,738.1142897606212,1.1922272908242895,call,0.26575342465753427,97,0.37355190467525984,164.88036935712455,0.8595542009225785,0.0013162684972824554,1.0119048012757836,161.58276196998204,168.17797674426706,69,4517
NVDA,880,803.2519502931399,1.0955466708532131,put,0.1506849315068493,55,0.3684992394117589,17.367682191080263,-0.22299117306755145,0.002370432414514054,1.019293705792542,17.020328547258657,17.71503583490187,2064,7791
NVDA,880,800.5353903875363,1.0992643305550742,put,0.35342465753424657,129,0.40203807278906656,41.06140879986614,-0.2777924412567199,0.0015943123359934298,1.7542956201244682,40.24018062386882,41.88263697586347,550,7888
NVDA,880,1082.795204761648,0.8127113937429298,put,0.4547945205479452,166,0.3613931929885595,208.76941974048987,-0.7375257060583231,0.0015197689309243963,1.934363540626407,204.59403134568007,212.94480813529967,4549,4271
NVDA,880,1029.0542862773455,0.8551541077424042,call,0.4767123287671233,174,0.40296257183385137,53.39116934805065,0.3678243114132801,0.0015391547542612633,2.2896480259016,52.323345961089636,54.45899273501167,1367,397
NVDA,880,759.6988906835142,1.1583536724770638,put,0.03287671232876712,12,0.34294103658970926,0.1421661450130154,-0.007727095740191972,0.000388531358274217,0.03392339103334601,0.13932282211275507,0.1450094679132757,628,3290
NVDA,880,774.4001037217379,1.136363484161163,put,0.31232876712328766,114,0.3682646928492197,24.136564164907355,-0.2118826142407344,0.0015996306623957508,1.4248105906764943,23.65383288160921,24.619295448205502,479,8261
NVDA,880,779.1406728662552,1.1294494442995893,put,0.08493150684931507,31,0.3493019010033421,4.363182324492087,-0.09879855224949347,0.0019418586194332199,0.4461210646945853,4.2759186780022445,4.450445970981929,2696,631
NVDA,880,749.8936285257848,1.173499769200588,call,0.14520547945205478,53,0.38615696453847115,143.1157770182939,0.8868965834849919,0.0014813171141925157,0.6432210695208973,140.25346147792803,145.97809255865977,758,166
NVDA,880,888.6748199353252,0.9902384767288033,put,0.06575342465753424,24,0.3663189266367691,36.03133483228021,-0.5089610176987932,0.004825021683965835,0.8999996674522531,35.310708135634606,36.75196152892581,3545,4129
NVDA,880,810.3867187819658,1.0859013105775783,call,0.04657534246575343,17,0.33419495946342825,75.0891339050886,0.8870476152798081,0.0030193352101390474,0.36394237772850846,73.58735122698683,76.59091658319038,540,618
NVDA,880,842.0099152325282,1.0451183342146042,put,0.4575342465753425,167,0.35040838063710444,54.98150293537947,-0.34413095820138306,0.0017647621399034402,2.1910365061086567,53.88187287667188,56.081132994087056,1143,14082
NVDA,880,1074.8559774363423,0.8187143379887074,call,0.4273972602739726,156,0.3564292656298828,28.458831021698927,0.2577907972862361,0.0015748714363620908,1.8578709334856551,27.88965440126495,29.028007642132906,576,11476
NVDA,880,742.6758372453239,1.1849045786436627,put,0.2821917808219178,103,0.34802924364920806,12.472774327788471,-0.13863992693500532,0.0013590157863229307,1.033593914744303,12.223318841232702,12.72222981434424,771,1629
NVDA,880,992.3515649460767,0.8867824983455518,put,0.19726027397260273,72,0.32614892304692006,119.908705632634,-0.7545781796142474,0.0024684080869244326,1.2298096192227037,117.51053151998131,122.30687974528668,170,8781
NVDA,880,1077.4198566079394,0.8167660866865031,put,0.4849315068493151,177,0.37122094241638537,207.62815025675616,-0.7122324783052991,0.001499260757748512,2.090043806724785,203.47558725162102,211.7807132618913,814,1315
NVDA,880,879.1464236673864,1.0009709148665507,call,0.4794520547945205,175,0.31975582174741796,87.93805173435516,0.588372525217665,0.001997114132351035,2.3710017460811135,86.17929069966804,89.69681276904227,3172,1245
NVDA,880,762.2527524927514,1.154472708851738,call,0.30684931506849317,112,0.37072491677438346,150.28075753817006,0.8097200435748968,0.001502969519552248,1.3240136179171234,147.27514238740667,153.28637268893345,336,479
NVDA,880,950.3954777522895,0.9259303317406595,call,0.3232876712328767,118,0.37163177026956795,51.91266683147023,0.42777290275907975,0.0021101993448095937,1.963318709077367,50.87441349484083,52.950920168099636,1518,2539
NVDA,880,900.1990875850535,0.9775615329279647,put,0.3561643835616438,130,0.35703652812962666,77.0211942825531,-0.4666836324726418,0.0021201741580389134,2.087853488946756,75.48077039690203,78.56161816820416,2867,1353
NVDA,880,1043.834310808962,0.8430456739039436,call,0.26575342465753427,97,0.36150963187859686,19.6428767477704,0.22612869609865394,0.0018339287842915341,1.364415215961115,19.250019212814994,20.03573428272581,694,2843
NVDA,880,977.9937711000051,0.8998012318730967,put,0.3452054794520548,126,0.32149883337255225,117.3119323764754,-0.6454714170094517,0.0022386067187548757,1.923978564596747,114.9656937289459,119.6581710240049,242,10786
NVDA,880,859.5746410027175,1.0237621702909427,call,0.3013698630136986,110,0.35536678661065213,85.02907697770968,0.6160649514200489,0.002224757315361653,1.845120116069352,83.32849543815549,86.72965851726387,1247,5965
NVDA,880,946.5028795270513,0.9297383230780223,put,0.2328767123287671,85,0.3400998168650124,91.21410671309081,-0.6144284397443708,0.0026477982184464144,1.623987526717408,89.38982457882899,93.03838884735264,1717,2904
NVDA,880,1031.699137244273,0.8529618453985819,put,0.42191780821917807,154,0.3910283048663039,174.2366710990285,-0.6613340559295054,0.001636844215603294,2.0912634344951897,170.75193767704795,177.72140452100908,965,3029
NVDA,880,791.3130321520973,1.112075707393198,call,0.3863013698630137,141,0.39475756716276417,143.0550270925346,0.7370767476418755,0.0015109540944434976,1.784322394371279,140.1939265506839,145.9161276343853,563,1815
NVDA,880,1000.8664242591932,0.8792382066881159,call,0.23835616438356164,87,0.38409219949733153,28.362414522658355,0.29840028163430865,0.0021018919793804112,1.490176164796811,27.795166232205187,28.929662813111523,251,1835
NVDA,880,863.9449509776804,1.0185834166912497,put,0.09315068493150686,34,0.3428678870293894,27.145295587362682,-0.3925091135547799,0.004173969102122965,1.0323511307349065,26.602389675615427,27.688201499109937,541,7079
NVDA,880,759.1534984365709,1.1591858587391153,put,0.16986301369863013,62,0.3735065522360409,10.12913220989715,-0.13747563016923647,0.001622807267397259,0.7973139048702838,9.926549565699208,10.331714854095093,105,83
NVDA,880,826.5336281949529,1.0646874730575826,call,0.3287671232876712,120,0.34520818151661964,105.44953388818186,0.6910014962594214,0.0020225495129390656,1.7775996990998026,103.34054321041822,107.5585245659455,23,9007
NVDA,880,739.5727148639874,1.1898762384194206,put,0.3561643835616438,130,0.36543753904827286,18.138854764994562,-0.1616154014629126,0.001276116953781051,1.2862324682478432,17.776077669694672,18.501631860294452,325,182
NVDA,880,751.6443039985415,1.1707665385324433,call,0.21643835616438356,79,0.36476520891782666,148.01374248495813,0.8594088530197972,0.001494718164390644,0.9138444787981238,145.05346763525895,150.9740173346573,29,4376
NVDA,880,1093.8185379763854,0.804521014635609,call,0.30684931506849317,112,0.37000886976229386,17.005846439764724,0.1883824707125396,0.001496616532119883,1.3158705758407294,16.66572951096943,17.345963368560017,365,205
NVDA,880,849.9616018890804,1.0353408883932613,put,0.2219178082191781,81,0.3513053814772417,39.18096277307097,-0.35955231925077863,0.0025677813403570554,1.5502450021665755,38.397343517609556,39.96458202853239,321,6179
NVDA,880,968.5264123920828,0.9085968010170845,call,0.030136986301369864,11,0.35991992179810656,1.6505911942613665,0.06960454368051829,0.0024313084268859416,0.20422603520674243,1.6175793703761392,1.6836030181465937,469,3991
NVDA,880,1072.8707968992164,0.8202292415296916,call,0.043835616438356165,16,0.34563727980625747,0.07245312270557402,0.00377011627715139,0.0001764253347085126,0.020700173763919576,0.07100406025146254,0.07390218515968551,254,1281
NVDA,880,780.8880317169849,1.1269221248852948,put,0.2,73,0.3571486724808406,15.510054462392105,-0.18657615470564082,0.0019091285307661755,1.0560380052911476,15.199853373144263,15.820255551639947,100,2989
NVDA,880,941.1948801731696,0.9349817115856915,put,0.2191780821917808,80,0.33667490639030173,85.92404877842864,-0.6095652448869416,0.0027670283054564396,1.5812000400760258,84.20556780286007,87.64252975399721,1396,263
NVDA,880,882.6354149362338,0.9970141522857157,call,0.11232876712328767,41,0.3308550962901749,40.02315760110565,0.5315340298356516,0.004075533868396496,1.1729477641543777,39.22269444908354,40.82362075312776,407,2509
NVDA,880,869.5856382419737,1.011976234772093,call,0.06301369863013699,23,0.3382362246127723,36.61464161783664,0.5869772213798597,0.005211962085878151,0.8602440584885919,35.882348785479905,37.34693445019337,1427,835
NVDA,880,1023.6131407605421,0.8596997878965896,call,0.20273972602739726,74,0.35205261407298966,15.289439719177096,0.2088394962787264,0.002059302523623026,1.1382349710015687,14.983650924793555,15.595228513560638,447,2625
NVDA,880,820.9882766530565,1.0718788867333382,put,0.28493150684931506,104,0.3220272363282297,29.240000335299328,-0.2834448078347246,0.002238508736015802,1.5905862273077616,28.65520032859334,29.824800342005314,214,5129
NVDA,880,973.525359324524,0.9039312551761198,put,0.07123287671232877,26,0.3786353680422835,98.3812227200624,-0.8195613422590992,0.002955175130961822,0.6172345526761563,96.41359826566115,100.34884717446364,2260,1764
NVDA,880,986.5498484424297,0.8919975015852962,call,0.4136986301369863,151,0.37858893052465104,52.776072776061426,0.3964062258621017,0.0017986073480695378,2.181492388764692,51.720551320540196,53.831594231582656,1749,5590
NVDA,880,778.9401637968093,1.1297401788997399,call,0.2356164383561644,86,0.3704328806393131,129.75285852673937,0.7978174910748681,0.0017808650486478862,1.2036811807255279,127.15780135620459,132.34791569727417,169,6696
NVDA,880,932.0159972954547,0.9441898020566215,put,0.19726027397260273,72,0.34832606218598344,79.61479592541423,-0.5909940273371646,0.0028538047401426296,1.51850141650907,78.02250000690594,81.20709184392251,587,3512
NVDA,880,1039.0689216471844,0.8469120591201781,put,0.4465753424657534,163,0.36194793771999473,174.8888783022902,-0.6821441195204759,0.0016753566632736311,2.097072610373022,171.3911007362444,178.38665586833602,1434,3537
NVDA,880,833.9961471739082,1.0551607498211846,put,0.27123287671232876,99,0.4014249154620012,45.88172031667381,-0.3349706669355187,0.001980170565813991,1.6696083178862577,44.96408591034033,46.79935472300728,591,4821
NVDA,880,825.4028352478724,1.0661460833675618,put,0.273972602739726,100,0.34459250521492,33.507980856358984,-0.30109923616052514,0.00219417192323558,1.6041647200069873,32.8378212392318,34.17814047348617,1035,119
NVDA,880,905.4903263757756,0.9718491455587377,put,0.25205479452054796,92,0.3574016368323496,70.73992345854123,-0.49967476993023013,0.0025265228521835067,1.7625444367237413,69.32512498937041,72.15472192771205,924,3707
NVDA,880,976.2227127036255,0.9014336467985476,put,0.26301369863013696,96,0.38592678335242037,121.85011387918371,-0.6401601060711724,0.0021476563245531924,1.6881592698207257,119.41311160160004,124.28711615676738,348,1180
NVDA,880,795.555487843997,1.1061453455432162,call,0.36712328767123287,134,0.3668170615124943,133.22013142185529,0.7413823983175439,0.0016538638171619223,1.7247515806648386,130.55572879341818,135.8845340502924,134,19352
NVDA,880,822.7870427883362,1.0695355593080018,call,0.043835616438356165,16,0.4072375905344701,67.50640386801706,0.8042148543805732,0.00368355227667669,0.5092220013558204,66.15627579065672,68.8565319453774,1128,4509
NVDA,880,845.1298997293686,1.0412600480491787,put,0.4054794520547945,148,0.33420691795865404,49.372257018615926,-0.3476551856274052,0.001972958222637593,2.0704632188300263,48.3848118782436,50.35970215898825,256,5894
NVDA,880,985.074852117301,0.8933331290597307,put,0.2219178082191781,81,0.35432050002005233,119.8326605165629,-0.7004997718823093,0.002365334164347398,1.440277856066531,117.43600730623163,122.22931372689416,1374,1234
NVDA,880,1067.9905602645135,0.8239773203445233,call,0.07123287671232877,26,0.3758824382880323,1.0877774010759644,0.032572425857681504,0.0008249945306356507,0.1710601831080858,1.0660218530544452,1.1095329490974837,1324,2087
NVDA,880,887.6234892850687,0.991411347967809,put,0.1917808219178082,70,0.33701204274282676,51.31878695122663,-0.46799120009058326,0.003061811767013991,1.532478632445916,50.2924112122021,52.34516269025116,403,3130
NVDA,880,1092.5258044037007,0.8054729659042725,call,0.273972602739726,100,0.3790876578575136,15.411519238403343,0.1782714589203503,0.0014936601527020673,1.2013344192819486,15.103288853635277,15.71974962317141,997,2779
NVDA,880,863.373091001525,1.0192580810912089,put,0.4273972602739726,156,0.35979142681554277,64.49877810539624,-0.3860780657791892,0.0018482237332406314,2.2009107498748235,63.208802543288314,65.78875366750417,350,5450
NVDA,880,741.914133241194,1.1861210894521599,put,0.09041095890410959,33,0.37725136582730195,2.416294412641072,-0.0546538314153483,0.0011088594974362897,0.29288272804019455,2.3679685243882505,2.464620300893894,829,3468
NVDA,880,1063.1131184656647,0.8277576343616734,call,0.22465753424657534,82,0.39371863272770224,16.3038618222279,0.19504141717087947,0.0016791047300356175,1.1501383520996193,15.977784585783343,16.62993905867246,918,2084
NVDA,880,754.1302169672992,1.1669072266310723,call,0.2191780821917808,80,0.37018739684554186,146.8218043753552,0.8509542965032904,0.0015222957648322983,0.9564959488123955,143.8853682878481,149.75824046286232,347,3727
NVDA,880,815.4693692730291,1.079133114202068,put,0.28493150684931506,104,0.35566411590874947,32.69990843824482,-0.28396084035194835,0.0020285685025134923,1.5919724476523895,32.04591026947992,33.35390660700972,1571,5640
NVDA,880,821.0078955782926,1.0718532729580574,call,0.06027397260273973,22,0.3267694831750909,68.26605746363441,0.8270615349505739,0.003623931002425227,0.5527344993576504,66.90073631436172,69.6313786129071,317,1228
NVDA,880,826.4976389980225,1.0647338340455992,call,0.2958904109589041,108,0.36693974236569327,105.16467487637425,0.6872866331049706,0.002016127719975249,1.6951534890310924,103.06138137884676,107.26796837390174,900,81
NVDA,880,806.2216699565549,1.091511221780259,call,0.4054794520547945,148,0.3579408058643495,129.02263143894538,0.7214267076293147,0.0016741249330471106,1.8816258517918971,126.44217881016647,131.6030840677243,109,2571
NVDA,880,806.1740620367156,1.0915756800420628,put,0.34794520547945207,127,0.2958592168836137,24.458128107822006,-0.2454029942190047,0.0020487751142068897,1.6332610097470905,23.968965545665565,24.947290669978447,125,0
NVDA,880,811.1684486377719,1.084854818352242,put,0.057534246575342465,21,0.335866368336585,5.174273500224629,-0.1385260829753877,0.0031170201849630807,0.4664422778950525,5.070788030220137,5.277758970229121,777,9524
NVDA,880,743.8384028560799,1.183052658509035,call,0.10684931506849316,39,0.3727811438370361,143.5443629367495,0.931131910432551,0.0012365082092609854,0.38140644499725146,140.6734756780145,146.4152501954845,722,444
NVDA,880,863.1266333371132,1.01954912061704,call,0.07123287671232877,26,0.3412475975980739,42.567068285191226,0.6168494242860798,0.004762502978190789,0.896500819070875,41.7157269194874,43.41840965089505,378,508
NVDA,880,1010.612835470816,0.8707587803295936,put,0.1589041095890411,58,0.3366536923745442,133.67333092161493,-0.8172471026640169,0.0022431452885297684,0.9292685929211183,130.99986430318262,136.34679754004725,518,458
NVDA,880,1064.9566634592911,0.8263247042762306,put,0.06575342465753424,24,0.3937752137727596,182.66623108061663,-0.9645592147589399,0.0008785771224546775,0.1761619008503473,179.01290645900428,186.31955570222897,647,1915
NVDA,880,883.8764078142275,0.995614310123048,put,0.2410958904109589,88,0.35722096705911405,57.96535433510371,-0.4477418026168651,0.002562406783012758,1.708992548519589,56.80604724840163,59.12466142180579,897,5931
NVDA,880,930.3621100860566,0.9458682704937347,put,0.4575342465753425,167,0.33990099903030574,97.36664640318497,-0.511008656458986,0.001971050529017572,2.373772803882754,95.41931347512127,99.31397933124867,1206,7001
NVDA,880,765.787557680436,1.1491437686262658,put,0.06301369863013699,23,0.3725723640334653,2.143839192574724,-0.05857301794696855,0.001420325401176574,0.2582253099635302,2.1009624087232295,2.1867159764262185,97,7578
NVDA,880,822.8292529419166,1.0694806934168626,call,0.2465753424657534,90,0.35568415684252314,99.10015364592562,0.7048635033616063,0.002220409752533516,1.5080392196644052,97.1181505730071,101.08215671884413,1896,1092
NVDA,880,1035.0263308134874,0.8502199159593908,put,0.12602739726027398,46,0.3266947649534609,153.0836301233594,-0.9009079078015483,0.0017081299068484222,0.5446197461653495,150.02195752089222,156.14530272582658,114,3255
NVDA,880,850.8782728889661,1.0342254915173208,put,0.4383561643835616,160,0.3670458311849717,61.165778669420206,-0.3631022038184431,0.0017545501847615597,2.186142931575452,59.9424630960318,62.38909424280861,111,4404
NVDA,880,864.6626527292509,1.0177379550537284,put,0.0410958904109589,15,0.37590726088895493,18.804499682122696,-0.38369358132934994,0.005694404852383339,0.6812284768036353,18.42840968848024,19.18058967576515,350,13481
NVDA,880,871.9041761716767,1.00928522198835,put,0.06301369863013699,23,0.3291316756544149,23.72276517138954,-0.4241412525815434,0.005387567440250676,0.8652920553875565,23.248309867961748,24.197220474817332,1058,835
NVDA,880,738.9911290944289,1.1908126706180704,call,0.20821917808219179,76,0.38673035694139496,159.3785859429471,0.8721980104785828,0.0013462171826168889,0.8394782828872266,156.19101422408815,162.56615766180605,145,11204
NVDA,880,1060.425743128332,0.8298553724317715,put,0.29315068493150687,107,0.34054870278635524,181.69216671732465,-0.7994916550335864,0.0017280410958345402,1.335948000786498,178.05832338297816,185.32601005167115,1471,2057
NVDA,880,747.8981886722748,1.1766307410935735,put,0.46301369863013697,169,0.3655668416194793,26.185945108213588,-0.19178649788135566,0.001246813028130181,1.6342831864150278,25.662226206049315,26.70966401037786,1318,12892
NVDA,880,739.4510643944017,1.1900719903902033,put,0.35342465753424657,129,0.34943017483765343,15.944423781667922,-0.1523026925720331,0.0012884339598381032,1.2322100847239807,15.625535306034564,16.26331225730128,989,13342
NVDA,880,822.090306164471,1.0704420103257406,call,0.3452054794520548,126,0.38199642253858573,116.76085681790198,0.688788984042477,0.0017892697365529402,1.8271665544457434,114.42563968154394,119.09607395426002,462,3997
NVDA,880,788.5262713405467,1.1160059366239528,call,0.08767123287671233,32,0.32564205241595834,99.56704770448493,0.8910220312375874,0.0022012880492466736,0.48667587377047844,97.57570675039524,101.55838865857463,64,2072
NVDA,880,877.9169999340509,1.0023726617278235,call,0.22465753424657534,82,0.36912046711943636,67.05726064578545,0.5656175074881423,0.00255605757225501,1.641440295219749,65.71611543286974,68.39840585870115,1073,30482
NVDA,880,897.3220937837732,0.9806957903925775,put,0.4438356164383562,162,0.35818865522396215,82.28369530321822,-0.44803634802596726,0.0018836464218286615,2.3189890919629748,80.63802139715386,83.92936920928258,489,5389
NVDA,880,900.8885714435315,0.9768133683724494,put,0.4657534246575342,170,0.35182688653069305,84.17549486219451,-0.45250387785417173,0.0018746829805013992,2.3789113748527377,82.49198496495062,85.8590047594384,1680,14109
NVDA,880,830.5756378030599,1.0595061544637543,put,0.473972602739726,173,0.34485511753552767,50.09941394593545,-0.3220435029171643,0.001716196113709462,2.172311855134711,49.09742566701674,51.10140222485416,871,2566
NVDA,880,940.9412214490197,0.9352337637465046,put,0.0136986301369863,5,0.34147660538134805,61.03246439898783,-0.9493139952125654,0.002964440857005736,0.10738564496236293,59.811815111008066,62.25311368696759,497,887
NVDA,880,804.5741719601565,1.0937462705968874,call,0.4794520547945205,175,0.34001014955999986,134.1336217834786,0.7257984934763282,0.0016082351400978146,2.0302613967076053,131.450949347809,136.81629421914818,904,10275
NVDA,880,853.7119509890472,1.0307926449670728,call,0.4273972602739726,156,0.36702185913184526,105.97149840250768,0.6313499184906466,0.0017860250053932407,2.1695843723832886,103.85206843445752,108.09092837055783,350,3774
NVDA,880,821.3883905143443,1.0713567542012052,put,0.09863013698630137,36,0.3534065525250898,14.24154505792282,-0.23547239072569986,0.003149806584003323,0.8502242047474536,13.956714156764363,14.526375959081278,2110,4086
NVDA,880,766.5671272672575,1.1479751331590755,put,0.0958904109589041,35,0.38161577559931736,5.333356088762329,-0.10249785359163688,0.0017182395657315147,0.4869120910791277,5.226688966987083,5.440023210537576,952,3708
NVDA,880,948.6342618910368,0.9276493959281851,put,0.4931506849315068,180,0.38164636838060073,120.68958996745215,-0.5216166619720228,0.0016890335202497235,2.4617525001966793,118.27579816810311,123.10338176680119,378,7836
NVDA,880,754.5129547582881,1.1663152957816507,put,0.1095890410958904,40,0.37380604575128284,4.6944973649385275,-0.08860031191911039,0.0014739540555970866,0.4675873342713648,4.600607417639757,4.788387312237298,366,1085
NVDA,880,821.357944259475,1.0713964674602325,put,0.3589041095890411,131,0.36868817031353374,43.1803306090942,-0.30716293643018744,0.0018077575684565847,1.8524358064820237,42.316723996912316,44.04393722127608,1617,3169
NVDA,880,908.0942442164474,0.9690624135155833,put,0.2876712328767123,105,0.33697783959353894,71.75607563124714,-0.5015662453789189,0.002508271177522387,1.8829448856493198,70.3209541186222,73.19119714387209,1115,3281
NVDA,880,783.0087008652221,1.1238700145063558,put,0.33424657534246577,122,0.33208310913094935,22.70248882794644,-0.21438693394398295,0.0017265614558057117,1.484093074220375,22.24843905138751,23.156538604505368,90,8420
NVDA,880,964.7706318287138,0.912133901020565,call,0.3315068493150685,121,0.382284831429298,50.315052906616074,0.40808395459463775,0.0020047410263242874,1.9674476906943439,49.30875184848375,51.3213539647484,942,122
NVDA,880,1039.472095732693,0.8465835721926851,put,0.06027397260273973,22,0.382923414562359,157.83310809957698,-0.9547253868113962,0.0011513688280203455,0.20578871286689612,154.67644593758544,160.9897702615685,1394,11797
NVDA,880,775.9121514023592,1.1341490121136983,put,0.27123287671232876,99,0.3682416964190046,21.41861361328941,-0.20525568397239274,0.0016847880109848508,1.3031244712603778,20.99024134102362,21.8469858855552,581,1112
NVDA,880,971.5289825235806,0.9057887266668764,put,0.27945205479452057,102,0.36494356061991046,116.36324287324953,-0.6345818185052119,0.0022148775839509957,1.7492347017706118,114.03597801578454,118.69050773071453,2739,3137
NVDA,880,899.6532763344044,0.9781546103911489,call,0.24383561643835616,89,0.3799844068608075,61.819403392587844,0.5163832604676386,0.0024140520370499667,1.7321076871653494,60.58301532473609,63.0557914604396,284,10060
NVDA,880,1016.3407129277082,0.8658513713034676,put,0.336986301369863,123,0.35590327374003083,151.12468751875087,-0.6957914451254861,0.001924381161844234,1.787313233600087,148.10219376837586,154.1471812691259,61,4636
NVDA,880,796.0365285231877,1.1054769077401283,call,0.2136986301369863,78,0.36070498324812017,113.40349631022605,0.7730201812365738,0.002054044437471474,1.2261089420085554,111.13542638402153,115.67156623643056,1098,417
NVDA,880,900.962254584995,0.9767334819207818,call,0.3150684931506849,115,0.3610654036802661,67.91944948218361,0.5250799143055818,0.0022324395101089287,1.9666899469207308,66.56106049253994,69.27783847182728,488,262
NVDA,880,917.5102252125366,0.9591173763716393,call,0.2219178082191781,81,0.3415868433872561,44.6504833383716,0.45620865615031997,0.002800291086152291,1.643848583171183,43.75747367160417,45.543493005139034,660,2412
NVDA,880,774.8807313247331,1.135658643228301,call,0.2410958904109589,88,0.35961445781896734,132.1351401342065,0.8097564705695559,0.0017477584115501471,1.1734746078884148,129.49243733152235,134.77784293689064,73,4265
NVDA,880,857.3593933161948,1.0264073699551284,put,0.03561643835616438,13,0.35253253237929916,12.9364651036164,-0.3257065642933733,0.0061528760556724205,0.5982644534930841,12.67773580154407,13.195194405688728,298,602
NVDA,880,754.059149332334,1.1670172038614979,call,0.2054794520547945,75,0.40961026846669163,149.07903523638686,0.8364577733658295,0.0015105068972464143,0.9845262301798892,146.0974545316591,152.0606159411146,401,4448
NVDA,880,896.3938251168178,0.981711358715929,call,0.32054794520547947,117,0.36384824871718047,71.21462546414864,0.5363336018459788,0.002191565490386131,1.97939780198879,69.79033295486566,72.63891797343162,2763,20685
NVDA,880,786.7020493282353,1.1185937557318324,call,0.3178082191780822,116,0.34398566546446663,130.10244427262023,0.7754251689316585,0.0017555905430238598,1.4862574578808503,127.50039538716783,132.70449315807264,4556,5765
NVDA,880,746.0204892434909,1.1795922668188004,put,0.06027397260273973,22,0.37884238864363,1.0512248004764508,-0.03181596656867628,0.0008727627740011456,0.1543298524170738,1.030200304466922,1.0722492964859798,481,4045
NVDA,880,1059.3434258775321,0.8307032247554953,call,0.18356164383561643,67,0.39084796826701146,12.085513961831197,0.16624309574941581,0.0016927234381541715,0.9404617762024503,11.843803682594572,12.327224241067821,1452,2669
NVDA,880,829.2583696699872,1.0611891687631756,put,0.19726027397260273,72,0.38415185066539026,33.06950753863498,-0.3116402107875713,0.002355106422367492,1.3820330942572427,32.408117387862276,33.73089768940768,4468,211
NVDA,880,741.2891605266032,1.187121095059394,put,0.0273972602739726,10,0.35132922043598785,0.01970171599848758,-0.001339678272051541,8.600394139875395e-05,0.006410694873445066,0.019307681678517825,0.020095750318457332,674,928
NVDA,880,1072.6606281954603,0.820389950808977,call,0.2356164383561644,86,0.3915449510428216,15.850068944556142,0.18817319233502672,0.001612883503141383,1.1522734602549363,15.53306756566502,16.167070323447266,232,4429
NVDA,880,1041.4869303095634,0.8449457927795943,call,0.4904109589041096,179,0.3483308604947984,39.378435096204555,0.31981993615308724,0.001665534980566647,2.20328776044506,38.59086639428046,40.16600379812865,1856,1964
NVDA,880,818.666926940399,1.074918225033007,put,0.049315068493150684,18,0.3316227640779101,5.057286010926191,-0.14655836426068347,0.0035423474020088645,0.4486219001167464,4.956140290707667,5.158431731144715,1310,3365
NVDA,880,836.2737718587966,1.0522869777967716,call,0.4794520547945205,175,0.3435416653657964,116.00631468873479,0.6678445388165779,0.001734523683603006,2.2124332632746926,113.6861883949601,118.32644098250948,318,6575
NVDA,880,927.4403488761799,0.9488480860966795,call,0.08767123287671233,32,0.37692898574891515,22.10334698696488,0.3536878366771532,0.003785650955627137,0.968774196392765,21.66128004722558,22.545413926704178,70,999
NVDA,880,743.9477407625476,1.1828787854076936,put,0.2821917808219178,103,0.3641985158036645,14.429197541766257,-0.14968869704438326,0.0013675932903389784,1.0884408619017534,14.140613590930931,14.717781492601583,1126,4819
NVDA,880,856.513623656896,1.0274209022418448,put,0.42191780821917807,154,0.331479991603542,54.81473605716559,-0.37021918162802403,0.001993085970999601,2.158621767092336,53.71844133602227,55.911030778308906,1001,7324
NVDA,880,734.7828996535585,1.19763266185823,call,0.20821917808219179,76,0.3981133991303904,163.79454825518394,0.8730429931135717,0.0013017058735098317,0.835614045551036,160.51865729008026,167.07043922028762,1206,4446
NVDA,880,748.639310631161,1.175465925317349,call,0.410958904109589,150,0.34504910158845914,166.9936159597513,0.8249393254837817,0.001324567213355172,1.4545164614760184,163.65374364055629,170.33348827894633,279,5334
NVDA,880,1000.5393539561464,0.8795256243749612,call,0.2602739726027397,95,0.33471112761126987,23.65309297208418,0.2775341204714455,0.002230520012074123,1.5047777468085612,23.180031112642496,24.126154831525866,1757,1468
NVDA,880,889.5978702323592,0.9892110013372083,put,0.4931506849315068,180,0.3579068122363768,81.4987691276454,-0.42833495109629677,0.0017745322300902304,2.425486385586948,79.86879374509249,83.12874451019832,1201,2006
NVDA,880,801.5340698049251,1.097894691131684,put,0.16712328767123288,61,0.3734178848153124,19.266978517217808,-0.22878214771691974,0.002253626299909806,1.0891290241771818,18.88163894687345,19.652318087562165,139,2903
NVDA,880,949.378500778816,0.9269221909681946,put,0.3315068493150685,121,0.37423449147578713,107.60871682091818,-0.5665204528327651,0.002074642968541146,1.9931731609540793,105.4565424844998,109.76089115733654,914,3604
NVDA,880,961.4609202365136,0.9152738103838118,put,0.1232876712328767,45,0.32209469501958465,89.65976516409478,-0.7491308887809589,0.0031988553230046122,0.9837011156304796,87.86656986081289,91.45296046737667,95,1918
NVDA,880,1045.2915464418077,0.8418703882142133,call,0.019178082191780823,7,0.36595799701651816,0.004592849985143643,0.0004009266551906037,3.2473078710827995e-05,0.0017649208227335494,0.00450099298544077,0.004684706984846516,852,314
NVDA,880,1083.2471061203341,0.8123723525574265,put,0.3287671232876712,120,0.38128928263944956,207.74773076969745,-0.7781529251966428,0.0015464152941788668,1.5011858437568066,203.5927761543035,211.90268538509142,1027,1611
NVDA,880,881.9327997848918,0.9978084500481632,call,0.3561643835616438,130,0.30001341271691384,69.34057081433247,0.570140203278553,0.0024927522997684167,2.0626979118580135,67.95375939804582,70.72738223061911,886,1899
NVDA,880,837.467238312928,1.0507873738114866,call,0.4246575342465753,155,0.3865086356401638,118.563026766174,0.6579677234170138,0.0016568842262007655,2.105986306955666,116.19176623085052,120.93428730149749,295,1983
NVDA,880,1016.3444292184944,0.8658482052946019,put,0.23013698630136986,84,0.3553110200431009,144.71347918084746,-0.7556403130894604,0.002092845488411268,1.325249379507904,141.8192095972305,147.60774876446442,1563,2428
NVDA,880,903.121655390423,0.9743980722282344,put,0.13424657534246576,49,0.32156880188967724,50.83447318887107,-0.5415115890928343,0.0038268570809237806,1.2793362642396076,49.81778372509365,51.8511626526485,1781,975
NVDA,880,807.9111731307652,1.0892286544198675,put,0.038356164383561646,14,0.3966239385612313,4.270388544513324,-0.12224425613760553,0.0029648273114495916,0.3492841198997475,4.1849807736230575,4.35579631540359,1254,4325
NVDA,880,1092.023317257675,0.8058435988435532,call,0.35342465753424657,129,0.3971248308727211,25.60061853064954,0.2353175178038172,0.0014802331685088194,1.6088641130225754,25.08860616003655,26.11263090126253,347,1546
NVDA,880,943.0804364320999,0.9331123475843182,put,0.3424657534246575,125,0.380674518044864,105.84168319266871,-0.5487534814699926,0.00201978793942562,2.039116665153642,103.72484952881534,107.95851685652208,1227,5431
NVDA,880,783.5545240135676,1.1230871279925918,put,0.3150684931506849,115,0.3725177432294214,27.56033306361644,-0.2311570082018371,0.0016548408003882525,1.5040888902967098,27.009126402344112,28.111539724888768,1331,1168
NVDA,880,1031.4459540823807,0.8531712170831931,put,0.19452054794520549,71,0.3693960161359308,156.52353501786888,-0.7977246785273665,0.001966018587390547,1.0939832067584598,153.3930643175115,159.65400571822627,385,294
NVDA,880,1029.1773007261208,0.8550518937593445,call,0.0410958904109589,15,0.3557422537520782,0.39341804023683125,0.017565726515924838,0.0006831641506081193,0.07734357806206617,0.3855496794320946,0.4012864010415679,235,2691
NVDA,880,933.5596914777674,0.9426285303803277,put,0.21095890410958903,77,0.3487080108541955,82.06374481759633,-0.5882147506426812,0.002761037959598411,1.5728869422337892,80.4224699212444,83.70501971394826,717,5704
NVDA,880,750.4183649714719,1.1726791894724675,call,0.29315068493150687,107,0.3688118631160537,157.50215591382425,0.8342130786513958,0.001416978891585443,1.1863819218231462,154.35211279554775,160.65219903210075,487,2341
NVDA,880,762.2246411349521,1.154515286582287,call,0.2547945205479452,93,0.36845155712794114,144.294776323958,0.8248568335732864,0.0015758266750679627,1.1456297222211715,141.40888079747882,147.18067185043716,3370,2500
NVDA,880,1032.5161276173028,0.852286929435903,put,0.36712328767123287,134,0.36401075310904213,166.45487710656175,-0.7023497773339026,0.0017850104884570331,1.8472780238878945,163.1257795644305,169.783974648693,231,3510
NVDA,880,951.4790093586357,0.9248758946276517,call,0.2356164383561644,86,0.3675990169701393,38.94060213005855,0.38880577715399467,0.0024413428705472575,1.6374726312606143,38.161790087457376,39.719414172659725,1036,6836
NVDA,880,985.5638677268051,0.8928898763605373,put,0.1726027397260274,63,0.3614594078467966,117.06175786765436,-0.7329865494097006,0.0024881018435097967,1.2021003264650465,114.72052271030128,119.40299302500745,1529,11998
NVDA,880,928.179109745989,0.9480928742738307,call,0.10684931506849316,39,0.3509656440691528,23.173279670896875,0.35916486019781696,0.0037027666375193903,1.075296010383625,22.70981407747894,23.63674526431481,154,5360
NVDA,880,832.8384989683855,1.0566274266739977,call,0.09315068493150686,34,0.3460072392984102,67.09956734077934,0.7318770840383331,0.0035455303048146456,0.8849480651168423,65.75757599396375,68.44155868759493,311,8366
NVDA,880,1056.4702703156902,0.8329623887447793,put,0.23013698630136986,84,0.3638875696942073,178.80186178946167,-0.8142792214110288,0.0017418144437140902,1.1295900907446406,175.22582455367242,182.3778990252509,664,3947
NVDA,880,751.8269732359504,1.170482080753738,call,0.030136986301369864,11,0.3760616754158776,129.43511306763094,0.9931866413290689,0.0003311984670979754,0.029067826520554726,126.84641080627831,132.02381532898355,2428,512
NVDA,880,771.029149820039,1.141331686623515,call,0.3561643835616438,130,0.3758557785409423,150.0622238370404,0.7825672145856226,0.0014899302632687122,1.5445536758201115,147.06097936029957,153.06346831378121,55,5533
NVDA,880,985.9811725463045,0.8925119713263822,call,0.3589041095890411,131,0.3540854576355902,41.631886354413496,0.3648929769929755,0.002013365527925655,1.9814106572791732,40.79924862732523,42.464524081501764,194,25
NVDA,880,899.6448165480211,0.9781638084423148,call,0.4931506849315068,180,0.33773125815645055,84.09996362496616,0.5515035946237088,0.0018955135350769339,2.4447988507280844,82.41796435246684,85.78196289746549,1147,1343
NVDA,880,747.3907203791871,1.1774296576140708,call,0.06575342465753424,24,0.38757736203867665,136.6187964523407,0.9578469861939686,0.001028109061756262,0.20289965615666358,133.88642052329388,139.3511723813875,141,6104
NVDA,880,802.340579327006,1.0967910918055943,put,0.1643835616438356,60,0.3460765608354167,16.27564695568364,-0.21558937378961207,0.0023701265027473977,1.0441609400463663,15.950134016569967,16.601159894797313,290,10319
NVDA,880,1014.3584918774327,0.867543385348158,call,0.2958904109589041,108,0.3626768777797395,28.89625926626499,0.29232412532770624,0.001979077596870628,1.6446705893369074,28.318334080939692,29.47418445159029,184,9052
NVDA,880,863.1141617148784,1.0195638526560287,put,0.18356164383561643,67,0.35121041051967233,40.58028923506873,-0.39550793424095193,0.0029088467133456465,1.4522303179809342,39.768683450367355,41.39189501977011,862,1839
NVDA,880,888.0994386682355,0.9908800317671845,put,0.4931506849315068,180,0.3585338072543775,80.88042581961946,-0.42565998435630453,0.0017692072479141582,2.422444343211096,79.26281730322707,82.49803433601186,2716,2572
NVDA,880,891.1248451603285,0.9875159522027164,call,0.3178082191780822,116,0.358867409443158,72.25730112458064,0.5468091946718334,0.002225397134011726,1.9654953157560064,70.81215510208902,73.70244714707225,2553,765
NVDA,880,954.7608844958415,0.9216967455308783,put,0.3287671232876712,120,0.3538029964891625,106.82331424696179,-0.5868600591917607,0.0021815333162990094,1.9650657336239568,104.68684796202255,108.95978053190102,394,367
NVDA,880,936.2514627365745,0.9399184247230368,put,0.14794520547945206,54,0.3377457126385001,75.59492766070389,-0.6387308881219491,0.0032765028327112022,1.2678463719342252,74.0830291074898,77.10682621391797,265,5940
NVDA,880,836.6201270360032,1.051851337975437,put,0.29863013698630136,109,0.3536728098710275,41.42610225736797,-0.33161774938637023,0.002133457891340341,1.7449569869413002,40.59758021222061,42.25462430251533,460,2209
NVDA,880,938.5298694162658,0.9376366471397768,put,0.27945205479452057,102,0.3591660218091993,93.41655752334214,-0.56773958169622,0.0023531895919771833,1.8290467868605769,91.54822637287529,95.28488867380898,581,10597
NVDA,880,878.0609633203924,1.002208316689396,put,0.4301369863013699,157,0.34660289186743626,68.81519430241559,-0.41372457731614665,0.001947486911789057,2.2484273623171203,67.43889041636727,70.19149818846391,2033,3775
NVDA,880,891.4171053813894,0.9871921849912173,call,0.07123287671232877,26,0.34921808052529585,28.903113605480712,0.47867140009246145,0.004857011945582648,0.9356463340586499,28.325051333371096,29.481175877590328,2254,9594
NVDA,880,822.877004648124,1.0694186312525562,put,0.4794520547945205,175,0.32418157865340236,42.98736369046111,-0.3022208955952702,0.001766018867977395,2.1256619595224446,42.12761641665188,43.847110964270335,2671,5405
NVDA,880,801.0594712614369,1.0985451537252966,call,0.2328767123287671,85,0.3546371672017338,111.59514734563072,0.7589074345563376,0.0020693186132963396,1.3234362281246947,109.36324439871811,113.82705029254333,1868,1502
NVDA,880,1099.0966760107688,0.8006575028449799,call,0.1506849315068493,55,0.34274882364615755,2.923907772535543,0.06083171766974415,0.00102844378401953,0.41133124481621186,2.865429617084832,2.982385927986254,807,3597
NVDA,880,964.3231206511965,0.9125571928688653,call,0.4547945205479452,166,0.35100877649803575,58.11857729376845,0.4316641994052697,0.0018869802251054594,2.3327376151027504,56.95620574789308,59.28094883964383,1397,6599
NVDA,880,764.9001298145446,1.1504769913078223,put,0.2054794520547945,75,0.3634012586147919,13.149660813334748,-0.15970153141120497,0.0016764064511232244,0.9693921393384918,12.886667597068053,13.412654029601443,367,1386
NVDA,880,1061.2620294221176,0.829201437159851,put,0.1726027397260274,63,0.38274199154576033,182.14074813608795,-0.8517734063851479,0.0016530625360209842,0.8456846057032936,178.4979331733662,185.7835630988097,1241,1336
NVDA,880,800.1806904823428,1.0997516066896624,put,0.20273972602739726,74,0.35531413259893585,20.453533496267283,-0.2303532652355036,0.0021586330350753494,1.2041913424990371,20.044462826341938,20.86260416619263,210,198
NVDA,880,919.8051589074844,0.9567243578468687,put,0.06027397260273973,22,0.34697938037876724,52.54889432112486,-0.6705246578497475,0.004827901221934696,0.7819107855015812,51.49791643470236,53.599872207547364,417,2936
NVDA,880,822.2495423187771,1.0702347094269755,put,0.4767123287671233,174,0.3636039957550535,51.00728535219389,-0.3117673652242142,0.0016008591428929417,2.1488371121285947,49.98713964515001,52.02743105923777,9,7526
NVDA,880,894.0423294028794,0.9842934400966695,call,0.19452054794520549,71,0.36025615762794466,53.239743549221146,0.5163601667114752,0.002850807231524277,1.5470704574809409,52.174948678236724,54.30453842020557,660,21674
NVDA,880,798.6729363159005,1.1018277444822946,put,0.19726027397260273,72,0.36646013614496215,20.83523635254329,-0.2303278472714248,0.0021217166122538397,1.1877337344727514,20.418531625492424,21.251941079594157,1957,1971
NVDA,880,744.7422218726604,1.1816169060312343,put,0.36164383561643837,132,0.3578159346444749,18.59434986498971,-0.16672702211026547,0.0013197740185339854,1.322530397020722,18.222462867689917,18.966236862289502,1757,2
NVDA,880,953.2809362358836,0.9231276600104477,call,0.32054794520547947,117,0.36277936090986324,48.85869406648419,0.41733929389812413,0.0021596326192625795,1.944826177232439,47.88152018515451,49.835867947813874,253,2257
NVDA,880,902.1394030002385,0.9754590000984219,call,0.3561643835616438,130,0.32606092956258076,65.38495547033648,0.5243693490722523,0.002325370305890344,2.091253673609465,64.07725636092975,66.6926545797432,1337,3850
NVDA,880,774.6484981494655,1.1359991042417374,call,0.4438356164383562,162,0.36127349673994497,154.2061854865526,0.771058510818375,0.0014299407200582652,1.7755856669926229,151.12206177682157,157.29030919628366,377,5604
NVDA,880,773.4727359924722,1.137725945660953,call,0.07123287671232877,26,0.35792730003067275,112.23677206292439,0.9244637179836808,0.0016930420152836293,0.33427845643971393,109.9920366216659,114.48150750418287,1007,661
NVDA,880,1062.5269906281585,0.8282142550371827,call,0.10684931506849316,39,0.36619067596125876,3.154216799929209,0.07076015127507514,0.0012852956637006124,0.3894461467358581,3.0911324639306246,3.2173011359277934,1963,924
NVDA,880,770.8633602186615,1.141577152856741,put,0.4712328767123288,172,0.3390498237269459,28.356606367893846,-0.21578314612308463,0.001429610712505528,1.7688143115647048,27.78947424053597,28.923738495251722,716,7336
NVDA,880,749.6263323584043,1.1739182069971132,put,0.4794520547945205,175,0.36933186769267773,28.175442772933593,-0.19804824983869895,0.0012366893424978589,1.6958519258014164,27.61193391747492,28.738951628392265,341,2366
NVDA,880,919.2249192607879,0.9573282681540755,put,0.22465753424657534,82,0.3593392789323362,76.2737262663095,-0.5417842598089894,0.002647106153793899,1.6548642799736433,74.7482517409833,77.79920079163568,174,5876
NVDA,880,1014.9630750001797,0.8670266157218026,put,0.35342465753424657,129,0.3890484760079835,157.25366389509225,-0.6645347570553028,0.001790922448552001,1.9069648533501433,154.1085906171904,160.3987371729941,1345,5185
NVDA,880,1020.5154875183522,0.8623093042320681,put,0.16986301369863013,62,0.36044162311826033,144.93719612559823,-0.8066925101969599,0.0020978660348515803,0.9946650488331692,142.03845220308628,147.8359400481102,1575,1245
NVDA,880,1006.4221132870124,0.8743846030229672,call,0.07397260273972603,27,0.3605065038407432,3.9183984169718116,0.09986941749456724,0.0020320169343853133,0.41963979974563725,3.8400304486323753,3.996766385311248,1202,9584
NVDA,880,1039.784478423506,0.8463292328947177,call,0.2,73,0.3743776137664603,14.920493782182689,0.19680324508310987,0.001881780452036381,1.0911241408915957,14.622083906539034,15.218903657826344,700,8834
NVDA,880,877.1434180245668,1.0032566874660778,put,0.11506849315068493,42,0.37663754869586824,40.78822378065735,-0.4465580813169013,0.003516457417988075,1.1801867856633892,39.9724593050442,41.6039882562705,1460,4951
NVDA,880,835.4652883370692,1.0533052806437642,call,0.27671232876712326,101,0.3442868287032423,93.47733864813955,0.674978440790375,0.0022583637289638574,1.6661271908846098,91.60779187517676,95.34688542110234,757,6846
NVDA,880,778.5017673658135,1.1303763676447673,put,0.0958904109589041,35,0.33870161454151,4.714795871764494,-0.10264806919745617,0.0019380060160432522,0.4874307369480615,4.620499954329204,4.809091789199784,2607,4826
NVDA,880,778.8142837772815,1.1299227791919322,put,0.4438356164383562,162,0.34148223097429475,29.587720693300213,-0.22716406122097188,0.0015061989222643136,1.7678195688062417,28.995966279434207,30.17947510716622,802,1384
NVDA,880,906.8434663865826,0.9703990077873712,put,0.32602739726027397,119,0.33748217004586484,74.27609017954944,-0.490022750987223,0.002351871916954624,2.003936430517681,72.79056837595846,75.76161198314043,2702,4415
NVDA,880,870.9137504258197,1.0104330073669612,call,0.18082191780821918,66,0.33059561949715566,57.76525487511134,0.5825543654071131,0.0031555204126213652,1.4607789568022433,56.60994977760911,58.92055997261357,1247,1073
NVDA,880,890.2167417292869,0.9885233098296484,call,0.36712328767123287,134,0.35786529341021206,78.74142840141576,0.5556058183464716,0.002070406546142875,2.106456484837674,77.16659983338744,80.31625696944408,419,5758
NVDA,880,1086.232757841475,0.8101394417055754,call,0.2136986301369863,78,0.3230359509592773,6.078217214004866,0.10316446994594741,0.0013661287301134366,0.7303138978932634,5.956652869724769,6.199781558284963,941,1377
NVDA,880,921.733419121317,0.954722896820752,call,0.4849315068493151,177,0.3261769511029372,71.01109113114785,0.5065135795478236,0.0019956116594736302,2.4444156061364044,69.59086930852489,72.43131295377081,94,12085
NVDA,880,1096.6841517874782,0.8024188172735914,put,0.3424657534246575,125,0.3751836943617149,218.51577722200227,-0.7924077480489935,0.0014815270976259798,1.474130892797826,214.14546167756222,222.88609276644232,131,1838
NVDA,880,751.8643947687243,1.1704238239273062,put,0.3315068493150685,121,0.40540593071305386,24.80700943324834,-0.19437174894319048,0.0013396124278039975,1.3942065405967734,24.310869244583373,25.303149621913306,1353,3955
NVDA,880,762.7027992794242,1.1537914910387037,put,0.4273972602739726,156,0.3985294761812255,33.69728884137001,-0.2232226751277075,0.0013022050006933998,1.7176587470566207,33.02334306454261,34.37123461819741,764,1087
NVDA,880,1015.5895947769616,0.8664917448206635,put,0.2876712328767123,105,0.33820401639806214,144.91876579143832,-0.7323740183145762,0.0020621803029029265,1.5537000298494104,142.02039047560956,147.81714110726708,1426,2068
NVDA,880,745.2416877240369,1.180824978655601,put,0.41643835616438357,152,0.3775736274672875,24.735814605481693,-0.18688110995878238,0.0012527408657628841,1.5253832211652705,24.24109831337206,25.230530897591326,909,10638
NVDA,880,1073.3770775337134,0.8198423633397931,call,0.2273972602739726,83,0.33877908547325836,9.496213185555177,0.1404171811954591,0.0015687927780024752,0.9359071063917319,9.306288921844073,9.686137449266282,1362,12579
NVDA,880,907.6768386197859,0.9695080479723693,put,0.4328767123287671,158,0.35311647521811695,85.94765530598937,-0.4696951118361743,0.0019456819993737687,2.3031350707502543,84.22870219986959,87.66660841210916,3258,2942
NVDA,880,883.8719245487115,0.9956193601797133,put,0.12602739726027398,46,0.31424401516993733,38.272449013110986,-0.47093888701137276,0.004052971690350347,1.2429993369997356,37.507000032848765,39.03789799337321,1670,2091
NVDA,880,903.9754794540729,0.9734777325281521,put,0.16164383561643836,59,0.36244610526977045,60.375356811621316,-0.5223848486412744,0.003106132663704787,1.4092496298587625,59.16784967538889,61.582863947853745,451,7897
NVDA,880,748.0468354552522,1.1763969290297749,put,0.030136986301369864,11,0.37972198049628486,0.11134381734414944,-0.005863174305992287,0.00028717056889236296,0.025449006395621768,0.10911694099726645,0.11357069369103244,1864,2513
NVDA,880,1072.5097208545556,0.8205053836703993,put,0.038356164383561646,14,0.3284665502137904,190.47511151839433,-0.9987081767006142,7.520324593798289e-05,0.007337164411488377,186.66560928802645,194.2846137487622,1120,2992
NVDA,880,800.3017426084529,1.0995852603441594,call,0.26301369863013696,96,0.3526815558320211,115.63330656440974,0.7542754143059854,0.001978191834636078,1.421002577793393,113.32064043312154,117.94597269569793,1383,3944
NVDA,880,998.1559574358529,0.8816257554186403,put,0.4520547945205479,165,0.4094613367485318,156.5444796328601,-0.5940139766911996,0.0016007775440407836,2.294564696099721,153.41359004020288,159.6753692255173,27,2394
NVDA,880,1044.5720877974709,0.8424502341963982,put,0.19726027397260273,72,0.3488595558105028,165.64207507710148,-0.8328158625578139,0.0018360996558184307,0.9784797652150629,162.32923357555944,168.95491657864352,3272,3835
NVDA,880,840.242803070721,1.047316319501915,put,0.3561643835616438,130,0.30319988090361705,37.97517832728454,-0.32838275807956263,0.0022698212143708665,1.8981761365937388,37.21567476073885,38.73468189383023,1098,3576
NVDA,880,905.8104189230763,0.9715057164458734,put,0.4712328767123288,172,0.3680455460789044,91.07792427160928,-0.4581230749000793,0.0017844588213990007,2.3966743268121395,89.25636578617708,92.89948275704147,148,6700
NVDA,880,770.0480932214574,1.1427857659104956,call,0.136986301369863,50,0.34124319738583325,122.15579615642048,0.8798312380704678,0.0018016183005744215,0.6521826955588247,119.71268023329206,124.5989120795489,677,6034
NVDA,880,770.4292113505934,1.1422204493743489,call,0.22465753424657534,82,0.3277241871858205,130.27680441337884,0.8427993059658774,0.0017594814741707988,1.0031815256204333,127.67126832511126,132.8823405016464,725,3438
NVDA,880,1009.9080719567548,0.8713664386253983,put,0.06027397260273973,22,0.3807913962390177,129.81560497389,-0.9183217088465672,0.0018356300342275654,0.3262627126918639,127.2192928744122,132.41191707336782,1845,4761
NVDA,880,945.9010860561115,0.9303298336077794,put,0.2054794520547945,75,0.39956228523698895,97.42760670898076,-0.5992601939644104,0.002425107571050811,1.541875256379417,95.47905457480114,99.37615884316038,2037,461
NVDA,880,792.279328063705,1.1107193748834523,call,0.2,73,0.38956415314987514,117.67093449049526,0.7725423241005624,0.0019682652230972653,1.1875665222660938,115.31751580068534,120.02435318030517,320,8791
NVDA,880,802.9584415134852,1.0959471306401614,put,0.11232876712328767,41,0.36318044554686574,12.276795880073934,-0.1949787134445951,0.00257377984448822,0.8131116606050373,12.031259962472454,12.522331797675413,388,4102
NVDA,880,769.7865998364917,1.1431739655989315,call,0.35342465753424657,129,0.3283454402622761,143.60627430779778,0.8088385360906298,0.0015856853649772083,1.4249846878361254,140.7341488216418,146.47839979395374,365,1539
NVDA,880,815.9654922831347,1.078476980120436,call,0.11506849315068493,42,0.32445093614634185,81.14202475173443,0.7863298667679601,0.0030059965589149616,0.8690790499183876,79.51918425669973,82.76486524676912,1723,534
NVDA,880,787.9962881252052,1.1167565295182917,call,0.32602739726027397,119,0.36612584209450993,133.49218562220767,0.7613756840800657,0.0016845323898283535,1.5571454845762904,130.8223419097635,136.16202933465183,831,4588
NVDA,880,1015.5774202502952,0.8665021321398803,put,0.3013698630136986,110,0.37534181142323153,151.74249751807827,-0.6982084743002301,0.001922658216970722,1.6842020783908629,148.7076475677167,154.77734746843984,1300,12794
NVDA,880,796.4631076669385,1.1048848233256707,put,0.27945205479452057,102,0.3670333785324666,27.75916036041548,-0.24727550753559596,0.0018503128729927443,1.4696820275742846,27.20397715320717,28.314343567623787,213,5493
NVDA,880,838.6129207326542,1.0493518263839627,put,0.3589041095890411,131,0.3442914985964296,45.37043495765545,-0.3358975220248821,0.002009240253518383,1.9226575816653386,44.46302625850234,46.27784365680856,407,3662
NVDA,880,1001.1121875512729,0.8790223622713913,put,0.3178082191780822,116,0.3330048939966262,134.63950758406895,-0.6943976488109769,0.0021221597592502757,1.7392385796395564,131.94671743238757,137.33229773575033,1489,2435
NVDA,880,877.6528785646013,1.0026743163416012,call,0.2465753424657534,90,0.31077104779152537,60.523151728140135,0.5692078565462427,0.002893414172947974,1.7169835953931223,59.31268869357733,61.73361476270294,2238,2453
NVDA,880,961.5890298287774,0.9151518712278723,put,0.4328767123287671,158,0.3739310426112195,122.90871524342992,-0.5593848161793066,0.0018222431601705835,2.2841647023876464,120.45054093856132,125.36688954829853,1810,9920
NVDA,880,949.9148167908057,0.9263988564500909,put,0.2136986301369863,78,0.39059568318883114,99.64587334131943,-0.607935983611511,0.002418261492207951,1.5631396597414433,97.65295587449305,101.63879080814581,392,5585
NVDA,880,941.2703374672527,0.9349067584216906,call,0.20273972602739726,74,0.3640477481944384,36.83888462134695,0.39480352002705654,0.0026689483229564845,1.5254666363324971,36.10210692892001,37.57566231377389,330,3058
NVDA,880,888.7503316868007,0.990154342142193,call,0.06027397260273973,22,0.3412683172260388,26.56830241432482,0.48395372110264606,0.005406485232966672,0.8612042269720459,26.036936366038322,27.099668462611316,294,8800
NVDA,880,925.1495017502289,0.9511976154504612,call,0.0821917808219178,30,0.36779078689912625,20.724183095540525,0.35092882860660984,0.003995675092858316,0.9353728221531223,20.309699433629714,21.138666757451336,126,185
NVDA,880,1071.7361986051271,0.821097580864887,call,0.3561643835616438,130,0.39828798095732054,29.663803521169484,0.26255210780953353,0.0015585064083610371,1.7120704264828333,29.070527450746095,30.257079591592873,576,9289
NVDA,880,972.415070091747,0.9049633505957208,call,0.4520547945205479,165,0.3442065542321967,53.61235819601967,0.4136680567972935,0.0019128534957936997,2.304927496047235,52.540111032099276,54.684605359940065,40,2980
NVDA,880,853.5028071227061,1.0310452322548536,call,0.410958904109589,150,0.32855413949143414,95.99680406980247,0.6360892118192125,0.002025909816971942,2.1183162173956815,94.07686798840642,97.91674015119851,2161,1315
NVDA,880,915.04945321218,0.9616966568428157,put,0.3917808219178082,143,0.33157878627388443,82.41746597104992,-0.4960212575588215,0.0021842254864960532,2.1973170476133554,80.76911665162892,84.06581529047092,3509,10015
NVDA,880,845.8961245936603,1.0403168597358476,put,0.12054794520547946,44,0.37822611092794295,28.12877905103153,-0.33997069203591157,0.003170584232509095,1.1194790202026825,27.566203470010898,28.69135463205216,608,3289
NVDA,880,797.7441071950803,1.1031106241500632,put,0.1589041095890411,58,0.36201250007719854,16.18343490566963,-0.20976354397962144,0.0022679554559070676,1.0103190935917243,15.859766207556236,16.507103603783023,382,12927
NVDA,880,1069.9221896701927,0.8224897179403889,put,0.3835616438356164,140,0.3722997840237166,197.8412894708789,-0.741853921090532,0.0015927009273638336,1.7612764684180104,193.8844636814613,201.7981152602965,790,1436
NVDA,880,938.8567457249122,0.9373101956257793,put,0.25753424657534246,94,0.33120042836523156,86.77889358416553,-0.5888298626451166,0.0026300937297401407,1.7372505152510505,85.04331571248221,88.51447145584885,819,3615
NVDA,880,1047.8287563041156,0.8398318854160116,put,0.30684931506849317,112,0.36473079617158094,175.4401181137829,-0.7539593958090232,0.0017721680154953073,1.5359172967142822,171.9313157515072,178.94892047605856,1187,53
NVDA,880,918.9294719960429,0.9576360611098013,put,0.25205479452054796,92,0.36231435458357736,79.39242306796916,-0.5309825226776413,0.002484746250135759,1.757227097778606,77.80457460660978,80.98027152932855,134,4358
NVDA,880,795.2725491500958,1.106538885241861,call,0.09863013698630137,36,0.3638880205476313,97.70965049490633,0.8379718084118244,0.002439372764962617,0.6779862869616453,95.7554574850082,99.66384350480446,2295,4884
NVDA,880,1032.239673332619,0.8525151888019298,put,0.40273972602739727,147,0.3409311983437069,163.57163193049257,-0.7041033395573245,0.0018147099130694014,1.929584363760287,160.3001992918827,166.84306456910244,646,5539
NVDA,880,915.7611884375709,0.9609492202889871,call,0.2821917808219178,103,0.33581470565372357,52.54974885173101,0.4780669006215092,0.0025374558405600344,1.8621210429541193,51.49875387469639,53.60074382876563,466,1172
NVDA,880,816.0858028815945,1.0783179867762982,call,0.46301369863013697,169,0.3467044923830367,126.78386053822442,0.7039188570041695,0.0016647693375064563,2.0695347432390254,124.24818332745993,129.31953774898892,394,3160
NVDA,880,1024.2284336079413,0.8591833336437624,put,0.4712328767123288,172,0.37275462723453856,167.5903172718754,-0.645468122778728,0.0016525577473502574,2.247918774739239,164.23851092643787,170.94212361731292,35,2951
NVDA,880,781.0682565109792,1.1266620972806494,put,0.27671232876712326,101,0.372044142165409,23.746279513134,-0.21830720530071507,0.0017116262344268468,1.3645745240998175,23.271353922871317,24.22120510339668,703,2579
NVDA,880,835.0551703626803,1.0538225870966098,put,0.08767123287671233,32,0.3520550390175432,16.41904572594339,-0.27522543027893254,0.003638924875706325,0.8697733823106035,16.090664811424524,16.74742664046226,206,2946
NVDA,880,884.2025995941826,0.995247017373494,put,0.16986301369863013,62,0.3537347014278083,49.420879050772385,-0.4607788736443438,0.003094530081420386,1.4399139670668988,48.43246146975694,50.40929663178783,104,2798
NVDA,880,836.9785746847234,1.0514008680944815,put,0.2054794520547945,75,0.3757508194046477,35.78298882906506,-0.33005550863286864,0.002416292028079413,1.444718056058073,35.06732905248376,36.498648605646366,5998,164
NVDA,880,984.0810450712471,0.894235291297871,call,0.40273972602739727,147,0.37651030337314484,51.80778245779737,0.3958529150037676,0.0018322847753786287,2.151590673008799,50.77162680864142,52.843938106953324,509,1387
NVDA,880,998.4170576086952,0.881395197822125,put,0.021917808219178082,8,0.34233643293369764,117.42805319066144,-0.9927383767041408,0.00045130301468962616,0.026223087406640488,115.07949212684821,119.77661425447468,1618,2850
NVDA,880,766.6750948451147,1.147813468725992,call,0.410958904109589,150,0.3313342203104082,151.6598207677065,0.80288693402962,0.0014847108413861376,1.5655679103404032,148.62662435235237,154.69301718306062,2950,1234
NVDA,880,945.7400935972549,0.9304882027923727,call,0.29863013698630136,109,0.3513458872463723,46.45050167330669,0.4201654323870853,0.002313724453715136,1.8799464932593444,45.521491639840555,47.379511706772824,588,6781
NVDA,880,987.2858883352751,0.8913325009474443,put,0.2191780821917808,80,0.41283149053310914,129.80049947281714,-0.6707083951913968,0.0021274442750482845,1.4907110739801335,127.20448948336079,132.39650946227349,356,3215
NVDA,880,1014.7507620028595,0.8672080208770715,call,0.057534246575342465,21,0.351790230900438,1.6249127868576494,0.05345947489965166,0.0014647901346802382,0.2295889363282946,1.5924145311204965,1.6574110425948023,860,5604
NVDA,880,1090.912442312448,0.8066641884976864,call,0.11506849315068493,42,0.36755404089196536,2.351941577632715,0.05318806477678286,0.000987349647596145,0.3233805888282964,2.3049027460800606,2.3989804091853695,543,6038
NVDA,880,912.5860595884315,0.9642926173964048,call,0.36712328767123287,134,0.3545193480860736,68.22260569473161,0.5094086290702449,0.002109894230518638,2.126561293352548,66.85815358083698,69.58705780862624,3864,2729
NVDA,880,879.3157498510922,1.0007781620527367,put,0.3506849315068493,128,0.3788934086275749,70.1674333745741,-0.42316568637006,0.001982877841052101,2.0403067162721946,68.76408470708262,71.57078204206559,872,7992
NVDA,880,768.0582004346877,1.1457465065823893,call,0.4438356164383562,162,0.3499871835899766,156.7692791440743,0.7867743246629824,0.0014171813256301023,1.7047671033259717,153.6338935611928,159.9046647269558,30,6489
NVDA,880,765.4800051797264,1.1496054685234862,put,0.2493150684931507,91,0.3650181381983398,16.801635978768104,-0.1776196254190271,0.0016223818021017114,1.1433557602163245,16.46560325919274,17.137668698343468,815,280
NVDA,880,740.2807942320449,1.1887381205301937,call,0.46301369863013697,169,0.37124398897816,181.8089785552155,0.816568825915091,0.001194416189414801,1.5899164260181087,178.17279898411118,185.44515812631982,1950,1818
NVDA,880,1003.3400293472553,0.8770705585946802,put,0.18082191780821918,66,0.31191913023586454,126.2870497295853,-0.803567778645957,0.0023726288255999893,1.0363065162966558,123.76130873499359,128.812790724177,353,7571
NVDA,880,890.1021736051101,0.9886505460781047,call,0.030136986301369864,11,0.3740242699483888,18.78966651424639,0.4521938106071244,0.006931775541404734,0.605075321528447,18.413873183961464,19.16545984453132,4433,3320
NVDA,880,1009.5615027098089,0.8716655673160604,put,0.3452054794520548,126,0.3546320160270832,146.30980851491245,-0.6815974425381581,0.001946250471433554,1.8450990986263074,143.3836123446142,149.2360046852107,294,2168
NVDA,880,813.1237268320363,1.0822461219137172,call,0.4191780821917808,153,0.3642028154938337,127.46111456372137,0.706083371237141,0.0016599683590702644,1.9624880433140317,124.91189227244693,130.01033685499578,1010,7259
NVDA,880,1058.092576988147,0.8316852600033484,call,0.40821917808219177,149,0.35748878044766574,30.143507775520845,0.27314357425448144,0.0016545288345958605,1.8698015043816596,29.54063762001043,30.74637793103126,19,1046
NVDA,880,911.1963005425672,0.9657633590873981,put,0.12054794520547946,44,0.3452623411835139,56.75915242058488,-0.5715759699313399,0.003720765937439092,1.1992416909944352,55.623969372173185,57.89433546899658,825,593
NVDA,880,843.0714824532271,1.0438023564019931,call,0.12876712328767123,47,0.3533367871599843,67.81928036913507,0.6744697144125642,0.003227863640604582,1.1372982566462928,66.46289476175237,69.17566597651778,4319,1444
NVDA,880,876.6140079832091,1.0038625803215042,call,0.16712328767123288,61,0.34428225377664773,54.59546517577786,0.5624305356296722,0.003181505226250969,1.417586579944363,53.503555872262304,55.68737447929342,2907,294
NVDA,880,750.5974193245215,1.1723994478850335,put,0.3287671232876712,120,0.38279390459398843,21.20889111808441,-0.1815977977880298,0.0013660857008505713,1.3313636186211157,20.78471329572272,21.633068940446098,792,11056
NVDA,880,972.2807429083207,0.9050883774245212,call,0.0684931506849315,25,0.32702844320456836,5.155811863848072,0.13954832877108792,0.0029487225641546887,0.5114838535948298,5.0526956265711105,5.258928101125034,1735,6172
NVDA,880,850.1998206773358,1.0350507946460434,call,0.4767123287671233,174,0.3657721803318846,113.10060829680225,0.6394793485077842,0.001684235711103184,2.274234642899959,110.83859613086621,115.36262046273829,498,2966
NVDA,880,805.8602978202434,1.0920006884323445,put,0.16164383561643836,59,0.35802103658413426,18.189987615662517,-0.22978458988088207,0.0023959180104443658,1.0737544811999271,17.826187863349265,18.55378736797577,2895,2038
NVDA,880,855.7467886271431,1.0283415745115045,call,0.2493150684931507,91,0.3747923186808184,83.2201832208325,0.621537694108499,0.002309186053472953,1.670950095756206,81.55577955641584,84.88458688524915,6,8321
NVDA,880,746.1751183527786,1.1793478211155675,call,0.38082191780821917,139,0.40791746597764084,175.1599987210767,0.8042277971585186,0.0012476063067035196,1.5008494923197975,171.65679874665517,178.66319869549824,771,71
NVDA,880,974.4723680408971,0.9030527995054117,put,0.18356164383561643,67,0.3850725116826378,112.77342303983255,-0.6843777646642915,0.0024488838604587466,1.3404727482979495,110.5179545790359,115.0288915006292,1180,6605
NVDA,880,734.4542297325582,1.1981686051701823,put,0.3315068493150685,121,0.3692799108175325,16.104376208510047,-0.15043070278659582,0.0012485245996062143,1.1836154788799795,15.782288684339846,16.426463732680247,1187,3619
NVDA,880,735.7157844479594,1.1961140682339764,put,0.043835616438356165,16,0.36764158587220636,0.19247635353530335,-0.008344995956233102,0.00033583150061691313,0.04191201331113035,0.18862682646459727,0.19632588060600942,463,7395
NVDA,880,1013.6088452395492,0.8681850046326569,call,0.3643835616438356,133,0.3468173117085769,33.59073823235266,0.31437981957375793,0.0019265923130848388,1.885448661256882,32.91892346770561,34.262552996999716,32,2046
NVDA,880,875.1459067126817,1.0055466102853086,call,0.08493150684931507,31,0.312378155504228,36.25798329807441,0.5607709929008072,0.0049219155214709825,1.0112277645036543,35.532823632112915,36.9831429640359,412,6112
NVDA,880,1005.7122365352693,0.8750017828475922,call,0.3095890410958904,113,0.32878357383216184,26.679409060850617,0.2898466381886791,0.0021257821256843775,1.6756364008596198,26.145820879633604,27.21299724206763,205,1004
NVDA,880,875.4954430881804,1.0051451517507966,put,0.3178082191780822,116,0.3511868455897451,59.90167346279952,-0.41871796286182755,0.002242154066351766,1.9379124839340078,58.70363999354353,61.09970693205551,82,6137
NVDA,880,828.8292555025849,1.061738583861143,put,0.2356164383561644,86,0.361159511821212,33.77997420649365,-0.3097415321095837,0.0022860102068389897,1.506427216887725,33.10437472236377,34.455573690623524,1078,2461
NVDA,880,1032.1794213529201,0.8525649531421075,call,0.3863013698630137,141,0.3861895482484176,39.06465627016297,0.3213083129677652,0.0016959149471611696,1.959278516001055,38.28336314475971,39.84594939556623,1266,664
NVDA,880,846.284935676043,1.0398389040176217,put,0.2356164383561644,86,0.33917586435101404,37.14674451770213,-0.3478398003637201,0.002550791386467192,1.57859532859523,36.40380962734809,37.889679408056175,1816,1950
NVDA,880,761.5059595561983,1.1556048760443838,call,0.42191780821917807,154,0.34141323170597165,157.97996246194145,0.8045971824206892,0.0014145507483118913,1.5779458006191465,154.82036321270263,161.13956171118028,319,6668
NVDA,880,1072.3038095864024,0.8206629428458565,call,0.19726027397260273,72,0.36337683036958307,9.407175700437236,0.13944429856227147,0.001562952127806885,0.8675767096132131,9.21903218642849,9.595319214445981,379,3376
NVDA,880,947.9761127120355,0.9282934329246285,put,0.12602739726027398,46,0.362389426683108,84.12164541473169,-0.6790584308844407,0.003162664348386691,1.118559092416257,82.43921250643706,85.80407832302632,1443,3608
NVDA,880,791.5476611282197,1.1117460681340479,put,0.30684931506849317,112,0.38492095802008547,31.234434789923114,-0.24971758099724695,0.001692561598665853,1.5481268531488908,30.609746094124652,31.859123485721575,479,3426
NVDA,880,1095.7448708480383,0.8031066568615876,put,0.13424657534246576,49,0.3901358322498347,212.6298827919053,-0.9215399669090065,0.0011645846038968656,0.47234078210797653,208.37728513606717,216.8824804477434,326,2516
NVDA,880,818.699088226397,1.0748759985874705,call,0.20273972602739726,74,0.3550809734559404,95.60138697598859,0.7240658626276478,0.002375552322656406,1.324329952996452,93.68935923646882,97.51341471550836,2777,5652
NVDA,880,1038.2151398549665,0.8476085217972564,call,0.2191780821917808,80,0.3901030182802886,19.206553882412493,0.22543225482839513,0.001868126056238442,1.2369380671974308,18.822422804764244,19.59068496006074,427,4841
NVDA,880,864.5076476621005,1.0179204341104393,put,0.021917808219178082,8,0.356998238550284,11.317104955936372,-0.35077663480222576,0.007970256248997535,0.48294850341743256,11.090762856817644,11.5434470550551,240,2647
NVDA,880,813.6000037615789,1.0816125810366628,put,0.0684931506849315,25,0.34881828336796006,7.78368082766508,-0.17295744363738114,0.0031848858608493256,0.5892581552360603,7.628007211111778,7.939354444218382,2011,10262
NVDA,880,909.7127438031537,0.9673383229975032,put,0.19726027397260273,72,0.33068590056921093,63.171835798822144,-0.5340707325170914,0.003075418682965816,1.5535488111089648,61.9083990828457,64.43527251479858,566,479
NVDA,880,800.9893807303663,1.0986412818576814,call,0.3972602739726027,145,0.34250074264869496,128.64099918926706,0.737524857842627,0.0017158004361662311,1.8078765580240885,126.06817920548173,131.2138191730524,1034,1009
NVDA,880,985.484685772111,0.8929616184857653,call,0.2328767123287671,85,0.32681551355320015,22.87432763803281,0.2859856148827257,0.0024502244825392087,1.4441088994196218,22.416841085272154,23.331814190793466,2011,2936
NVDA,880,1029.4551435924002,0.8548211211312622,call,0.19452054794520549,71,0.3469209519495906,12.959155119619908,0.1880438920511387,0.0020025801431793446,1.0465289906334925,12.699972017227509,13.218338222012306,1693,20646
NVDA,880,756.080341387552,1.1638974746850734,put,0.29315068493150687,107,0.3888876541726449,20.774723020010214,-0.1852026442227564,0.0014415828188522226,1.2726823206626683,20.35922855961001,21.190217480410418,612,2527
NVDA,880,904.8990261008884,0.9724841939457316,call,0.36164383561643837,132,0.38497098470524294,77.2259752857496,0.5292324400561947,0.0019529488228881766,2.105548607323067,75.68145578003461,78.77049479146459,2,1510
NVDA,880,873.6122448694198,1.0073118882754843,put,0.3561643835616438,130,0.35417178925879317,62.758330879080745,-0.4112216698972317,0.0020914780675982576,2.0430693676557383,61.50316426149913,64.01349749666237,1253,2940
